"snapshot_date","snapshot_git_head","record_kind","logical_asset_id","artifact_id","current_path","filename","domain","subject","asset_type","version","batch_id","exists","extension","byte_size","sha256","width","height","duplicate_group","git_state","lfs_policy","lifecycle","artifact_roles","authority_scope","canon_status","review_status","decision_state","prompt_record","classification_basis","classification_notes","evidence_source","source_locator","depends_on","derived_from","supersedes","mirrors","used_by","metadata_gaps","proposed_action","proposed_path","migration_gate","notes"
"2026-09-04","b24f2b55140833b0a1d56d54c2c1d46fcf479972","existing-file","GN-DOC-ART-DIRECTORY-RECTIFICATION-AUDIT-2026-09-01","GN-DOC-ART-DIRECTORY-RECTIFICATION-AUDIT-2026-09-01-CURRENT-084087E0","ART_DIRECTORY_RECTIFICATION_AUDIT_2026-09-01.md","ART_DIRECTORY_RECTIFICATION_AUDIT_2026-09-01.md","governance","ART_DIRECTORY_RECTIFICATION_AUDIT_2026-09-01","production-record","","","true",".md","6929","084087E085AAD7BA710069BE9F8A792C17F94BF3EFBD7C90AFB88C2191AD2712","","","","untracked","git","approved","record","none","not-applicable","","settled","","filesystem;manual-inference","Document role is inferred from its location, title, and declared status.","","","","","","","","","leave","ART_DIRECTORY_RECTIFICATION_AUDIT_2026-09-01.md","",""
"2026-09-04","b24f2b55140833b0a1d56d54c2c1d46fcf479972","existing-file","GN-DOC-ASSET-REGISTRY","GN-DOC-ASSET-REGISTRY-CURRENT-0A794C49","asset_registry.md","asset_registry.md","governance","asset_registry","governing-document","","","true",".md","37246","0A794C4977CEC9E1ACD823AC06EF62D23EED69DE773A41AF070B8724CAEEA396","","","","tracked-modified","git","approved","governing-document","none","not-applicable","","settled","","filesystem;manual-inference","Document role is inferred from its location, title, and declared status.","","","","","","","","","leave","asset_registry.md","",""
"2026-09-04","b24f2b55140833b0a1d56d54c2c1d46fcf479972","existing-file","GN-SCENE-CHAPTER-01-WAKEUP-CONTINUITY-SHEET","GN-SCENE-CHAPTER-01-WAKEUP-CONTINUITY-SHEET-PF1-V01-3A148A23","chapter_01_wakeup/continuity-sheet-phase1-refinement-v1.png","continuity-sheet-phase1-refinement-v1.png","scene","chapter_01_wakeup","continuity-sheet","v1","phase-1","true",".png","2494583","3A148A232AD9517AADCF688D8A3C13C4E271C3C1A3B20B50B130B35E80260BF8","1536","1024","","untracked","lfs","rejected","primary","contextual-environment","canon-constrained","Focused rework","settled","summary","filesystem;phase1-log","","art/graphic_novel/PHASE_1_CANDIDATE_REVIEW_LOG_2026-09-01.md","","chapter_01_wakeup/continuity-sheet-phase1-refinement-v2.png;chapter_01_wakeup/continuity-sheet.png;characters/cassian-rho/continuity-sheet.png","chapter_01_wakeup/continuity-sheet.png","","","","","archive","scenes/chapter_01_wakeup/archive/phase-1/chapter_01_wakeup-continuity-sheet-phase1-refinement-v1.png","",""
"2026-09-04","b24f2b55140833b0a1d56d54c2c1d46fcf479972","existing-file","GN-SCENE-CHAPTER-01-WAKEUP-CONTINUITY-SHEET","GN-SCENE-CHAPTER-01-WAKEUP-CONTINUITY-SHEET-PF1-V02-E256B4E9","chapter_01_wakeup/continuity-sheet-phase1-refinement-v2.png","continuity-sheet-phase1-refinement-v2.png","scene","chapter_01_wakeup","continuity-sheet","v2","phase-1","true",".png","2408438","E256B4E9F8B87EFAFBBC4CA4FC5F0D2C43444370346229A302C406DD28085A91","1536","1024","","untracked","lfs","approved-working","primary","foundational-craft","canon-constrained","Approved working authority","phase1-reconciliation-required","summary","author-review;filesystem;phase1-log","","art/graphic_novel/PHASE_1_CANDIDATE_REVIEW_LOG_2026-09-01.md","","chapter_01_wakeup/continuity-sheet.png;characters/cassian-rho/continuity-sheet.png","chapter_01_wakeup/continuity-sheet.png","","","","","promote-after-approval","scenes/chapter_01_wakeup/candidates/phase-1/chapter_01_wakeup-continuity-sheet-phase1-refinement-v2.png","PF1-016 reconciliation",""
"2026-09-04","b24f2b55140833b0a1d56d54c2c1d46fcf479972","existing-file","GN-SCENE-CHAPTER-01-WAKEUP-CONTINUITY-SHEET","GN-SCENE-CHAPTER-01-WAKEUP-CONTINUITY-SHEET-CONTINUITY-SHEET-A50B0AB6","chapter_01_wakeup/continuity-sheet.png","continuity-sheet.png","scene","chapter_01_wakeup","continuity-sheet","","","true",".png","2569888","A50B0AB6178167159E0B0AAD2A30DBA825E66532404E44256872D990A49F41D3","1536","1024","","tracked-clean","git","approved","primary;production-reference","foundational-craft","canon-constrained","Style Reference","settled","missing","filesystem;registry","","art/graphic_novel/asset_registry.md","Chapter 1 opening wake-up scene","chapter_01_wakeup/continuity-sheet.png;characters/cassian-rho/continuity-sheet.png","","","","chapter_01_wakeup/continuity-sheet-phase1-refinement-v1.png;chapter_01_wakeup/continuity-sheet-phase1-refinement-v2.png","","move","scenes/chapter_01_wakeup/approved/chapter_01_wakeup-continuity-sheet.png","",""
"2026-09-04","b24f2b55140833b0a1d56d54c2c1d46fcf479972","existing-file","GN-SCENE-CHAPTER-01-WAKEUP-PAGE-01","GN-SCENE-CHAPTER-01-WAKEUP-PAGE-01-PF1-V01-6323848E","chapter_01_wakeup/page-01-phase1-refinement-v1.png","page-01-phase1-refinement-v1.png","scene","chapter_01_wakeup","rendered-page","v1","phase-1","true",".png","2617967","6323848EE20DF6621C3D285858E3C492D1CF71C68BDEC31CD12B26938EC7FB08","1024","1536","","untracked","lfs","superseded","primary","contextual-environment","canon-constrained","Iteration evidence","settled","summary","filesystem;phase1-log","","art/graphic_novel/PHASE_1_CANDIDATE_REVIEW_LOG_2026-09-01.md","","chapter_01_wakeup/continuity-sheet-phase1-refinement-v2.png;chapter_01_wakeup/continuity-sheet.png;characters/cassian-rho/continuity-sheet.png","chapter_01_wakeup/page-01.png","","","","","archive","scenes/chapter_01_wakeup/archive/phase-1/chapter_01_wakeup-page-01-phase1-refinement-v1.png","",""
"2026-09-04","b24f2b55140833b0a1d56d54c2c1d46fcf479972","existing-file","GN-SCENE-CHAPTER-01-WAKEUP-PAGE-01","GN-SCENE-CHAPTER-01-WAKEUP-PAGE-01-PF1-V02-D7E5D1FF","chapter_01_wakeup/page-01-phase1-refinement-v2.png","page-01-phase1-refinement-v2.png","scene","chapter_01_wakeup","rendered-page","v2","phase-1","true",".png","2537132","D7E5D1FF711A995DA2877AC6B0B55020A9B23B29AC1282B188B36556CAC08248","1024","1536","","untracked","lfs","superseded","primary","contextual-environment","canon-constrained","Iteration evidence","settled","summary","filesystem;phase1-log","","art/graphic_novel/PHASE_1_CANDIDATE_REVIEW_LOG_2026-09-01.md","","chapter_01_wakeup/continuity-sheet-phase1-refinement-v2.png;chapter_01_wakeup/continuity-sheet.png;characters/cassian-rho/continuity-sheet.png","chapter_01_wakeup/page-01.png","","","","","archive","scenes/chapter_01_wakeup/archive/phase-1/chapter_01_wakeup-page-01-phase1-refinement-v2.png","",""
"2026-09-04","b24f2b55140833b0a1d56d54c2c1d46fcf479972","existing-file","GN-SCENE-CHAPTER-01-WAKEUP-PAGE-01","GN-SCENE-CHAPTER-01-WAKEUP-PAGE-01-PF1-V03-A5611356","chapter_01_wakeup/page-01-phase1-refinement-v3.png","page-01-phase1-refinement-v3.png","scene","chapter_01_wakeup","rendered-page","v3","phase-1","true",".png","2481660","A5611356B3EE3346C05C180E6D2C4FA5E7629284E82379FCAE53D944D665A263","1024","1536","","untracked","lfs","superseded","primary","contextual-environment","canon-constrained","Iteration evidence","settled","summary","filesystem;phase1-log","","art/graphic_novel/PHASE_1_CANDIDATE_REVIEW_LOG_2026-09-01.md","","chapter_01_wakeup/continuity-sheet-phase1-refinement-v2.png;chapter_01_wakeup/continuity-sheet.png;characters/cassian-rho/continuity-sheet.png","chapter_01_wakeup/page-01.png","","","","","archive","scenes/chapter_01_wakeup/archive/phase-1/chapter_01_wakeup-page-01-phase1-refinement-v3.png","",""
"2026-09-04","b24f2b55140833b0a1d56d54c2c1d46fcf479972","existing-file","GN-SCENE-CHAPTER-01-WAKEUP-PAGE-01","GN-SCENE-CHAPTER-01-WAKEUP-PAGE-01-PF1-V04-044E950A","chapter_01_wakeup/page-01-phase1-refinement-v4.png","page-01-phase1-refinement-v4.png","scene","chapter_01_wakeup","rendered-page","v4","phase-1","true",".png","2402520","044E950A3EA2B5B26632A7348847370AF6CC21E1B1AEA2C6B081FD4C839FBE56","1024","1536","","untracked","lfs","candidate","primary","contextual-environment","canon-constrained","Candidate review predecessor","settled","summary","filesystem;phase1-log","","art/graphic_novel/PHASE_1_CANDIDATE_REVIEW_LOG_2026-09-01.md","","chapter_01_wakeup/continuity-sheet-phase1-refinement-v2.png;chapter_01_wakeup/continuity-sheet.png;characters/cassian-rho/continuity-sheet.png","chapter_01_wakeup/page-01.png","","","","","promote-after-approval","scenes/chapter_01_wakeup/candidates/phase-1/chapter_01_wakeup-page-01-phase1-refinement-v4.png","PF1-016 reconciliation",""
"2026-09-04","b24f2b55140833b0a1d56d54c2c1d46fcf479972","existing-file","GN-SCENE-CHAPTER-01-WAKEUP-PAGE-01","GN-SCENE-CHAPTER-01-WAKEUP-PAGE-01-PF1-V05-53C78171","chapter_01_wakeup/page-01-phase1-refinement-v5.png","page-01-phase1-refinement-v5.png","scene","chapter_01_wakeup","rendered-page","v5","phase-1","true",".png","2378273","53C7817170A34D3009D95FF7837D1D3D966BCEBDAE4DD9E6498E5CC9AF7952A0","1024","1536","","untracked","lfs","superseded","primary","contextual-environment","canon-constrained","Superseded author-bias iteration","settled","summary","filesystem;phase1-log","","art/graphic_novel/PHASE_1_CANDIDATE_REVIEW_LOG_2026-09-01.md","","chapter_01_wakeup/continuity-sheet-phase1-refinement-v2.png;chapter_01_wakeup/continuity-sheet.png;characters/cassian-rho/continuity-sheet.png","chapter_01_wakeup/page-01.png","","","","","archive","scenes/chapter_01_wakeup/archive/phase-1/chapter_01_wakeup-page-01-phase1-refinement-v5.png","",""
"2026-09-04","b24f2b55140833b0a1d56d54c2c1d46fcf479972","existing-file","GN-SCENE-CHAPTER-01-WAKEUP-PAGE-01","GN-SCENE-CHAPTER-01-WAKEUP-PAGE-01-PF1-V06-917729B0","chapter_01_wakeup/page-01-phase1-refinement-v6.png","page-01-phase1-refinement-v6.png","scene","chapter_01_wakeup","rendered-page","v6","phase-1","true",".png","2316212","917729B007473E1DF2F1F923D7C3DBDF6D1A39CA37EC73A9911DA1302B27C951","1024","1536","","untracked","lfs","candidate","primary","contextual-environment","canon-constrained","Candidate review; author decision pending","author-review-required","summary","author-review;filesystem;phase1-log","","art/graphic_novel/PHASE_1_CANDIDATE_REVIEW_LOG_2026-09-01.md","","chapter_01_wakeup/continuity-sheet-phase1-refinement-v2.png;chapter_01_wakeup/continuity-sheet.png;characters/cassian-rho/continuity-sheet.png","chapter_01_wakeup/page-01.png","","","","","promote-after-approval","scenes/chapter_01_wakeup/candidates/phase-1/chapter_01_wakeup-page-01-phase1-refinement-v6.png","author decision",""
"2026-09-04","b24f2b55140833b0a1d56d54c2c1d46fcf479972","existing-file","GN-SCENE-CHAPTER-01-WAKEUP-PAGE-01","GN-SCENE-CHAPTER-01-WAKEUP-PAGE-01-PAGE-01-262D68A9","chapter_01_wakeup/page-01.png","page-01.png","scene","chapter_01_wakeup","rendered-page","","","true",".png","2690052","262D68A9573013A87DF586F42331A4255A8ED7EAF31EFBEDD8F2CB031304BB4B","1024","1536","","tracked-clean","git","approved","primary;production-reference","contextual-environment","canon-constrained","Style Reference","settled","missing","filesystem;registry","","art/graphic_novel/asset_registry.md","Chapter 1 opening wake-up scene","chapter_01_wakeup/continuity-sheet.png;characters/cassian-rho/continuity-sheet.png","","","","chapter_01_wakeup/page-01-phase1-refinement-v1.png;chapter_01_wakeup/page-01-phase1-refinement-v2.png;chapter_01_wakeup/page-01-phase1-refinement-v3.png;chapter_01_wakeup/page-01-phase1-refinement-v4.png;chapter_01_wakeup/page-01-phase1-refinement-v5.png;chapter_01_wakeup/page-01-phase1-refinement-v6.png;proofs/volume_01_the_return/sequence/003-story.png","","move","scenes/chapter_01_wakeup/approved/chapter_01_wakeup-page-01.png","",""
"2026-09-04","b24f2b55140833b0a1d56d54c2c1d46fcf479972","existing-file","GN-SCENE-CHAPTER-01-WAKEUP-PAGE-02","GN-SCENE-CHAPTER-01-WAKEUP-PAGE-02-PF1-V01-833889DB","chapter_01_wakeup/page-02-phase1-refinement-v1.png","page-02-phase1-refinement-v1.png","scene","chapter_01_wakeup","rendered-page","v1","phase-1","true",".png","2661835","833889DBA56A16100AE255F442CEEB05F137A549C97DA4BE97D5AC54977B87BA","1024","1536","","untracked","lfs","candidate","primary","contextual-environment","canon-constrained","Candidate review predecessor","settled","summary","filesystem;phase1-log","","art/graphic_novel/PHASE_1_CANDIDATE_REVIEW_LOG_2026-09-01.md","","chapter_01_wakeup/continuity-sheet-phase1-refinement-v2.png;chapter_01_wakeup/continuity-sheet.png;characters/cassian-rho/continuity-sheet.png","chapter_01_wakeup/page-02.png","","","","","promote-after-approval","scenes/chapter_01_wakeup/candidates/phase-1/chapter_01_wakeup-page-02-phase1-refinement-v1.png","PF1-016 reconciliation",""
"2026-09-04","b24f2b55140833b0a1d56d54c2c1d46fcf479972","existing-file","GN-SCENE-CHAPTER-01-WAKEUP-PAGE-02","GN-SCENE-CHAPTER-01-WAKEUP-PAGE-02-PF1-V02-790EB651","chapter_01_wakeup/page-02-phase1-refinement-v2.png","page-02-phase1-refinement-v2.png","scene","chapter_01_wakeup","rendered-page","v2","phase-1","true",".png","2517045","790EB651386A262D6A5D73E8446665AD543E096B0EFD4FC758C7A90EFA3AFB95","1024","1536","","untracked","lfs","rejected","primary","contextual-environment","canon-constrained","Rejected rebuild iteration","settled","summary","filesystem;phase1-log","","art/graphic_novel/PHASE_1_CANDIDATE_REVIEW_LOG_2026-09-01.md","","chapter_01_wakeup/continuity-sheet-phase1-refinement-v2.png;chapter_01_wakeup/continuity-sheet.png;characters/cassian-rho/continuity-sheet.png","chapter_01_wakeup/page-02.png","","","","","archive","scenes/chapter_01_wakeup/archive/phase-1/chapter_01_wakeup-page-02-phase1-refinement-v2.png","",""
"2026-09-04","b24f2b55140833b0a1d56d54c2c1d46fcf479972","existing-file","GN-SCENE-CHAPTER-01-WAKEUP-PAGE-02","GN-SCENE-CHAPTER-01-WAKEUP-PAGE-02-PF1-V03-C4E73BA0","chapter_01_wakeup/page-02-phase1-refinement-v3.png","page-02-phase1-refinement-v3.png","scene","chapter_01_wakeup","rendered-page","v3","phase-1","true",".png","2406683","C4E73BA0E00BA51647AEFD82AF6127AA3C6BA3D80E89AA8DB331708C82969719","1024","1536","","untracked","lfs","rejected","primary","contextual-environment","canon-constrained","Rejected rebuild iteration","settled","summary","filesystem;phase1-log","","art/graphic_novel/PHASE_1_CANDIDATE_REVIEW_LOG_2026-09-01.md","","chapter_01_wakeup/continuity-sheet-phase1-refinement-v2.png;chapter_01_wakeup/continuity-sheet.png;characters/cassian-rho/continuity-sheet.png","chapter_01_wakeup/page-02.png","","","","","archive","scenes/chapter_01_wakeup/archive/phase-1/chapter_01_wakeup-page-02-phase1-refinement-v3.png","",""
"2026-09-04","b24f2b55140833b0a1d56d54c2c1d46fcf479972","existing-file","GN-SCENE-CHAPTER-01-WAKEUP-PAGE-02","GN-SCENE-CHAPTER-01-WAKEUP-PAGE-02-PF1-V04-E0CF76E1","chapter_01_wakeup/page-02-phase1-refinement-v4.png","page-02-phase1-refinement-v4.png","scene","chapter_01_wakeup","rendered-page","v4","phase-1","true",".png","2359274","E0CF76E10DC52932D0746BAB52A07D4917A251A94408633E114BAB5F5384F0D1","1024","1536","","untracked","lfs","superseded","primary","contextual-environment","canon-constrained","Strongest unresolved predecessor","settled","summary","filesystem;phase1-log","","art/graphic_novel/PHASE_1_CANDIDATE_REVIEW_LOG_2026-09-01.md","","chapter_01_wakeup/continuity-sheet-phase1-refinement-v2.png;chapter_01_wakeup/continuity-sheet.png;characters/cassian-rho/continuity-sheet.png","chapter_01_wakeup/page-02.png","","","","","archive","scenes/chapter_01_wakeup/archive/phase-1/chapter_01_wakeup-page-02-phase1-refinement-v4.png","",""
"2026-09-04","b24f2b55140833b0a1d56d54c2c1d46fcf479972","existing-file","GN-SCENE-CHAPTER-01-WAKEUP-PAGE-02","GN-SCENE-CHAPTER-01-WAKEUP-PAGE-02-PF1-V05-6F04D7AC","chapter_01_wakeup/page-02-phase1-refinement-v5.png","page-02-phase1-refinement-v5.png","scene","chapter_01_wakeup","rendered-page","v5","phase-1","true",".png","2290049","6F04D7AC1FD377D27EFF7251FA2098477DC4884CF81C515E3FB234F695B790F5","1024","1536","","untracked","lfs","rejected","primary","contextual-environment","canon-constrained","Rejected localization attempt","settled","summary","filesystem;phase1-log","","art/graphic_novel/PHASE_1_CANDIDATE_REVIEW_LOG_2026-09-01.md","","chapter_01_wakeup/continuity-sheet-phase1-refinement-v2.png;chapter_01_wakeup/continuity-sheet.png;characters/cassian-rho/continuity-sheet.png","chapter_01_wakeup/page-02.png","","","","","archive","scenes/chapter_01_wakeup/archive/phase-1/chapter_01_wakeup-page-02-phase1-refinement-v5.png","",""
"2026-09-04","b24f2b55140833b0a1d56d54c2c1d46fcf479972","existing-file","GN-SCENE-CHAPTER-01-WAKEUP-PAGE-02","GN-SCENE-CHAPTER-01-WAKEUP-PAGE-02-PF1-V06-C2D85450","chapter_01_wakeup/page-02-phase1-refinement-v6.png","page-02-phase1-refinement-v6.png","scene","chapter_01_wakeup","rendered-page","v6","phase-1","true",".png","2276349","C2D854505DC9FC1F4505AB32B50A066E5CDE5597EFB3CB26D5844932B013CD28","1024","1536","","untracked","lfs","rejected","primary","contextual-environment","canon-constrained","Rejected localization attempt","settled","summary","filesystem;phase1-log","","art/graphic_novel/PHASE_1_CANDIDATE_REVIEW_LOG_2026-09-01.md","","chapter_01_wakeup/continuity-sheet-phase1-refinement-v2.png;chapter_01_wakeup/continuity-sheet.png;characters/cassian-rho/continuity-sheet.png","chapter_01_wakeup/page-02.png","","","","","archive","scenes/chapter_01_wakeup/archive/phase-1/chapter_01_wakeup-page-02-phase1-refinement-v6.png","",""
"2026-09-04","b24f2b55140833b0a1d56d54c2c1d46fcf479972","existing-file","GN-SCENE-CHAPTER-01-WAKEUP-PAGE-02","GN-SCENE-CHAPTER-01-WAKEUP-PAGE-02-PF1-V07-D06A9E33","chapter_01_wakeup/page-02-phase1-refinement-v7.png","page-02-phase1-refinement-v7.png","scene","chapter_01_wakeup","rendered-page","v7","phase-1","true",".png","2436713","D06A9E33788C01509C8429D217EC7212B08AE03AF732BF1CE1003F05CF91D0D5","1024","1536","","untracked","lfs","superseded","primary","contextual-environment","canon-constrained","Iteration evidence","settled","summary","filesystem;phase1-log","","art/graphic_novel/PHASE_1_CANDIDATE_REVIEW_LOG_2026-09-01.md","","chapter_01_wakeup/continuity-sheet-phase1-refinement-v2.png;chapter_01_wakeup/continuity-sheet.png;characters/cassian-rho/continuity-sheet.png","chapter_01_wakeup/page-02.png","","","","","archive","scenes/chapter_01_wakeup/archive/phase-1/chapter_01_wakeup-page-02-phase1-refinement-v7.png","",""
"2026-09-04","b24f2b55140833b0a1d56d54c2c1d46fcf479972","existing-file","GN-SCENE-CHAPTER-01-WAKEUP-PAGE-02","GN-SCENE-CHAPTER-01-WAKEUP-PAGE-02-PF1-V08-83599C34","chapter_01_wakeup/page-02-phase1-refinement-v8.png","page-02-phase1-refinement-v8.png","scene","chapter_01_wakeup","rendered-page","v8","phase-1","true",".png","2323750","83599C3488C1F0E52B69FAF4747AE71C0B6959DB0E652D5122A69F9638EDD2F4","1024","1536","","untracked","lfs","superseded","primary","contextual-environment","canon-constrained","Iteration evidence","settled","summary","filesystem;phase1-log","","art/graphic_novel/PHASE_1_CANDIDATE_REVIEW_LOG_2026-09-01.md","","chapter_01_wakeup/continuity-sheet-phase1-refinement-v2.png;chapter_01_wakeup/continuity-sheet.png;characters/cassian-rho/continuity-sheet.png","chapter_01_wakeup/page-02.png","","","","","archive","scenes/chapter_01_wakeup/archive/phase-1/chapter_01_wakeup-page-02-phase1-refinement-v8.png","",""
"2026-09-04","b24f2b55140833b0a1d56d54c2c1d46fcf479972","existing-file","GN-SCENE-CHAPTER-01-WAKEUP-PAGE-02","GN-SCENE-CHAPTER-01-WAKEUP-PAGE-02-PF1-V09-61F28E4B","chapter_01_wakeup/page-02-phase1-refinement-v9.png","page-02-phase1-refinement-v9.png","scene","chapter_01_wakeup","rendered-page","v9","phase-1","true",".png","2299496","61F28E4BF38D83071D2EEE67F1191DFBFEC66103A983033C9899955F08E34735","1024","1536","","untracked","lfs","candidate","primary","contextual-environment","canon-constrained","Candidate review; author decision pending","author-review-required","summary","author-review;filesystem;phase1-log","","art/graphic_novel/PHASE_1_CANDIDATE_REVIEW_LOG_2026-09-01.md","","chapter_01_wakeup/continuity-sheet-phase1-refinement-v2.png;chapter_01_wakeup/continuity-sheet.png;characters/cassian-rho/continuity-sheet.png","chapter_01_wakeup/page-02.png","","","","","promote-after-approval","scenes/chapter_01_wakeup/candidates/phase-1/chapter_01_wakeup-page-02-phase1-refinement-v9.png","author decision",""
"2026-09-04","b24f2b55140833b0a1d56d54c2c1d46fcf479972","existing-file","GN-SCENE-CHAPTER-01-WAKEUP-PAGE-02","GN-SCENE-CHAPTER-01-WAKEUP-PAGE-02-PAGE-02-DCE5D207","chapter_01_wakeup/page-02.png","page-02.png","scene","chapter_01_wakeup","rendered-page","","","true",".png","2668043","DCE5D20749102A0834DE731A5721D1E2B1BEB94D2D18114999E6CC7B14A30ED9","1024","1536","","tracked-clean","git","approved","primary;production-reference","contextual-environment","canon-constrained","Style Reference","settled","missing","filesystem;registry","","art/graphic_novel/asset_registry.md","Chapter 1 opening wake-up scene","chapter_01_wakeup/continuity-sheet.png;characters/cassian-rho/continuity-sheet.png","","","","chapter_01_wakeup/page-02-phase1-refinement-v1.png;chapter_01_wakeup/page-02-phase1-refinement-v2.png;chapter_01_wakeup/page-02-phase1-refinement-v3.png;chapter_01_wakeup/page-02-phase1-refinement-v4.png;chapter_01_wakeup/page-02-phase1-refinement-v5.png;chapter_01_wakeup/page-02-phase1-refinement-v6.png;chapter_01_wakeup/page-02-phase1-refinement-v7.png;chapter_01_wakeup/page-02-phase1-refinement-v8.png;chapter_01_wakeup/page-02-phase1-refinement-v9.png;proofs/volume_01_the_return/sequence/004-story.png","","move","scenes/chapter_01_wakeup/approved/chapter_01_wakeup-page-02.png","",""
"2026-09-04","b24f2b55140833b0a1d56d54c2c1d46fcf479972","existing-file","GN-SCENE-CHAPTER-01-WAKEUP-PAGE-03","GN-SCENE-CHAPTER-01-WAKEUP-PAGE-03-PF1-V01-3E04BCD9","chapter_01_wakeup/page-03-phase1-refinement-v1.png","page-03-phase1-refinement-v1.png","scene","chapter_01_wakeup","rendered-page","v1","phase-1","true",".png","2659499","3E04BCD92AFD719FB2F9E1CBA646A8B78E2DC4C57B1165AABAE29419992D02B8","1024","1536","","untracked","lfs","superseded","primary","contextual-environment","canon-constrained","Superseded sequence candidate","settled","summary","filesystem;phase1-log","","art/graphic_novel/PHASE_1_CANDIDATE_REVIEW_LOG_2026-09-01.md","","chapter_01_wakeup/continuity-sheet-phase1-refinement-v2.png;chapter_01_wakeup/continuity-sheet.png;characters/cassian-rho/continuity-sheet.png","chapter_01_wakeup/page-03.png","","","","","archive","scenes/chapter_01_wakeup/archive/phase-1/chapter_01_wakeup-page-03-phase1-refinement-v1.png","",""
"2026-09-04","b24f2b55140833b0a1d56d54c2c1d46fcf479972","existing-file","GN-SCENE-CHAPTER-01-WAKEUP-PAGE-03","GN-SCENE-CHAPTER-01-WAKEUP-PAGE-03-PF1-V02-61A8A781","chapter_01_wakeup/page-03-phase1-refinement-v2.png","page-03-phase1-refinement-v2.png","scene","chapter_01_wakeup","rendered-page","v2","phase-1","true",".png","2550243","61A8A781EE509C8A766AE57B88057DEF463C3D4F18DA4F97ACEC7437981F98E3","1024","1536","","untracked","lfs","superseded","primary","contextual-environment","canon-constrained","Iteration evidence","settled","summary","filesystem;phase1-log","","art/graphic_novel/PHASE_1_CANDIDATE_REVIEW_LOG_2026-09-01.md","","chapter_01_wakeup/continuity-sheet-phase1-refinement-v2.png;chapter_01_wakeup/continuity-sheet.png;characters/cassian-rho/continuity-sheet.png","chapter_01_wakeup/page-03.png","","","","","archive","scenes/chapter_01_wakeup/archive/phase-1/chapter_01_wakeup-page-03-phase1-refinement-v2.png","",""
"2026-09-04","b24f2b55140833b0a1d56d54c2c1d46fcf479972","existing-file","GN-SCENE-CHAPTER-01-WAKEUP-PAGE-03","GN-SCENE-CHAPTER-01-WAKEUP-PAGE-03-PF1-V03-FE44DF48","chapter_01_wakeup/page-03-phase1-refinement-v3.png","page-03-phase1-refinement-v3.png","scene","chapter_01_wakeup","rendered-page","v3","phase-1","true",".png","2454532","FE44DF4870FB733E1AF7AE195C5A173608B3127982860BB29D1FB2D411D018D2","1024","1536","","untracked","lfs","superseded","primary","contextual-environment","canon-constrained","Iteration evidence","settled","summary","filesystem;phase1-log","","art/graphic_novel/PHASE_1_CANDIDATE_REVIEW_LOG_2026-09-01.md","","chapter_01_wakeup/continuity-sheet-phase1-refinement-v2.png;chapter_01_wakeup/continuity-sheet.png;characters/cassian-rho/continuity-sheet.png","chapter_01_wakeup/page-03.png","","","","","archive","scenes/chapter_01_wakeup/archive/phase-1/chapter_01_wakeup-page-03-phase1-refinement-v3.png","",""
"2026-09-04","b24f2b55140833b0a1d56d54c2c1d46fcf479972","existing-file","GN-SCENE-CHAPTER-01-WAKEUP-PAGE-03","GN-SCENE-CHAPTER-01-WAKEUP-PAGE-03-PF1-V04-E9D5391E","chapter_01_wakeup/page-03-phase1-refinement-v4.png","page-03-phase1-refinement-v4.png","scene","chapter_01_wakeup","rendered-page","v4","phase-1","true",".png","2345124","E9D5391E32F44193F2530FE38C8BD05FA4F5AC9376C8A4A2AE909E0DB3405A66","1024","1536","","untracked","lfs","superseded","primary","contextual-environment","canon-constrained","Iteration evidence","settled","summary","filesystem;phase1-log","","art/graphic_novel/PHASE_1_CANDIDATE_REVIEW_LOG_2026-09-01.md","","chapter_01_wakeup/continuity-sheet-phase1-refinement-v2.png;chapter_01_wakeup/continuity-sheet.png;characters/cassian-rho/continuity-sheet.png","chapter_01_wakeup/page-03.png","","","","","archive","scenes/chapter_01_wakeup/archive/phase-1/chapter_01_wakeup-page-03-phase1-refinement-v4.png","",""
"2026-09-04","b24f2b55140833b0a1d56d54c2c1d46fcf479972","existing-file","GN-SCENE-CHAPTER-01-WAKEUP-PAGE-03","GN-SCENE-CHAPTER-01-WAKEUP-PAGE-03-PF1-V05-03751BC0","chapter_01_wakeup/page-03-phase1-refinement-v5.png","page-03-phase1-refinement-v5.png","scene","chapter_01_wakeup","rendered-page","v5","phase-1","true",".png","2331258","03751BC0B75A64A83DF6BEF2360BEFF8C52DCDF3778A32D2587458D57C9F8D41","1024","1536","","untracked","lfs","candidate","primary","contextual-environment","canon-constrained","Candidate review predecessor","settled","summary","filesystem;phase1-log","","art/graphic_novel/PHASE_1_CANDIDATE_REVIEW_LOG_2026-09-01.md","","chapter_01_wakeup/continuity-sheet-phase1-refinement-v2.png;chapter_01_wakeup/continuity-sheet.png;characters/cassian-rho/continuity-sheet.png","chapter_01_wakeup/page-03.png","","","","","promote-after-approval","scenes/chapter_01_wakeup/candidates/phase-1/chapter_01_wakeup-page-03-phase1-refinement-v5.png","PF1-016 reconciliation",""
"2026-09-04","b24f2b55140833b0a1d56d54c2c1d46fcf479972","existing-file","GN-SCENE-CHAPTER-01-WAKEUP-PAGE-03","GN-SCENE-CHAPTER-01-WAKEUP-PAGE-03-PF1-V06-A5CB276C","chapter_01_wakeup/page-03-phase1-refinement-v6.png","page-03-phase1-refinement-v6.png","scene","chapter_01_wakeup","rendered-page","v6","phase-1","true",".png","2412536","A5CB276CB49B72B5BD82986752370279A8F1D3E8A12866D548F6E5000A18EC75","1024","1536","","untracked","lfs","superseded","primary","contextual-environment","canon-constrained","Superseded author-bias iteration","settled","summary","filesystem;phase1-log","","art/graphic_novel/PHASE_1_CANDIDATE_REVIEW_LOG_2026-09-01.md","","chapter_01_wakeup/continuity-sheet-phase1-refinement-v2.png;chapter_01_wakeup/continuity-sheet.png;characters/cassian-rho/continuity-sheet.png","chapter_01_wakeup/page-03.png","","","","","archive","scenes/chapter_01_wakeup/archive/phase-1/chapter_01_wakeup-page-03-phase1-refinement-v6.png","",""
"2026-09-04","b24f2b55140833b0a1d56d54c2c1d46fcf479972","existing-file","GN-SCENE-CHAPTER-01-WAKEUP-PAGE-03","GN-SCENE-CHAPTER-01-WAKEUP-PAGE-03-PF1-V07-D53DAE6B","chapter_01_wakeup/page-03-phase1-refinement-v7.png","page-03-phase1-refinement-v7.png","scene","chapter_01_wakeup","rendered-page","v7","phase-1","true",".png","2278236","D53DAE6BF2109477A8056890E08D5E5487E5654199E1B4E42F4509C427162C7D","1024","1536","","untracked","lfs","candidate","primary","contextual-environment","canon-constrained","Candidate review; author decision pending","author-review-required","summary","author-review;filesystem;phase1-log","","art/graphic_novel/PHASE_1_CANDIDATE_REVIEW_LOG_2026-09-01.md","","chapter_01_wakeup/continuity-sheet-phase1-refinement-v2.png;chapter_01_wakeup/continuity-sheet.png;characters/cassian-rho/continuity-sheet.png","chapter_01_wakeup/page-03.png","","","","","promote-after-approval","scenes/chapter_01_wakeup/candidates/phase-1/chapter_01_wakeup-page-03-phase1-refinement-v7.png","author decision",""
"2026-09-04","b24f2b55140833b0a1d56d54c2c1d46fcf479972","existing-file","GN-SCENE-CHAPTER-01-WAKEUP-PAGE-03","GN-SCENE-CHAPTER-01-WAKEUP-PAGE-03-PAGE-03-471173EB","chapter_01_wakeup/page-03.png","page-03.png","scene","chapter_01_wakeup","rendered-page","","","true",".png","2662383","471173EB59C9B39AA8EDE03095494DE33F7EB8859DEA3CD1C884E78ADBA3FBC8","1024","1536","","tracked-clean","git","approved","primary;production-reference","contextual-environment","canon-constrained","Style Reference","settled","missing","filesystem;registry","","art/graphic_novel/asset_registry.md","Chapter 1 opening wake-up scene","chapter_01_wakeup/continuity-sheet.png;characters/cassian-rho/continuity-sheet.png","","","","chapter_01_wakeup/page-03-phase1-refinement-v1.png;chapter_01_wakeup/page-03-phase1-refinement-v2.png;chapter_01_wakeup/page-03-phase1-refinement-v3.png;chapter_01_wakeup/page-03-phase1-refinement-v4.png;chapter_01_wakeup/page-03-phase1-refinement-v5.png;chapter_01_wakeup/page-03-phase1-refinement-v6.png;chapter_01_wakeup/page-03-phase1-refinement-v7.png;proofs/volume_01_the_return/sequence/005-story.png","","move","scenes/chapter_01_wakeup/approved/chapter_01_wakeup-page-03.png","",""
"2026-09-04","b24f2b55140833b0a1d56d54c2c1d46fcf479972","existing-file","GN-CHAR-ALMELAH-DOJO-MASTER-CONTINUITY-SHEET","GN-CHAR-ALMELAH-DOJO-MASTER-CONTINUITY-SHEET-MATERIAL-PILOT-V02-1FEE6AAB","characters/almelah-dojo-master/continuity-sheet-material-refinement-pilot-v2.png","continuity-sheet-material-refinement-pilot-v2.png","character","almelah-dojo-master","continuity-sheet","v2","phase-1","true",".png","2451000","1FEE6AAB02394C55282ABA43DEC73481AF2D5B55F5375698EF8EA6B0A7A5E657","1024","1536","","untracked","lfs","superseded","primary;production-reference","identity","canon-constrained","Retained pilot evidence","settled","summary","filesystem;phase1-log","","art/graphic_novel/PHASE_1_CANDIDATE_REVIEW_LOG_2026-09-01.md","","chapter_01_wakeup/continuity-sheet-phase1-refinement-v2.png","characters/almelah-dojo-master/continuity-sheet.png","","","","","archive","characters/almelah-dojo-master/archive/phase-1/almelah-dojo-master-continuity-sheet-material-refinement-pilot-v2.png","",""
"2026-09-04","b24f2b55140833b0a1d56d54c2c1d46fcf479972","existing-file","GN-CHAR-ALMELAH-DOJO-MASTER-CONTINUITY-SHEET","GN-CHAR-ALMELAH-DOJO-MASTER-CONTINUITY-SHEET-MATERIAL-PILOT-D3F71AAF","characters/almelah-dojo-master/continuity-sheet-material-refinement-pilot.png","continuity-sheet-material-refinement-pilot.png","character","almelah-dojo-master","continuity-sheet","pilot","phase-1","true",".png","2505901","D3F71AAFEF17DEAD3D031E62FC88AB536F5AB7846506CD8771B93BEEB2B0065D","1024","1536","","untracked","lfs","superseded","primary;production-reference","identity","canon-constrained","Retained pilot evidence","settled","summary","filesystem;phase1-log","","art/graphic_novel/PHASE_1_CANDIDATE_REVIEW_LOG_2026-09-01.md","","chapter_01_wakeup/continuity-sheet-phase1-refinement-v2.png","characters/almelah-dojo-master/continuity-sheet.png","","","","","archive","characters/almelah-dojo-master/archive/phase-1/almelah-dojo-master-continuity-sheet-material-refinement-pilot.png","",""
"2026-09-04","b24f2b55140833b0a1d56d54c2c1d46fcf479972","existing-file","GN-CHAR-ALMELAH-DOJO-MASTER-CONTINUITY-SHEET","GN-CHAR-ALMELAH-DOJO-MASTER-CONTINUITY-SHEET-MATERIAL-V03-PASS1-8F0ED3F7","characters/almelah-dojo-master/continuity-sheet-material-refinement-v3-pass1.png","continuity-sheet-material-refinement-v3-pass1.png","character","almelah-dojo-master","continuity-sheet","v3","phase-1","true",".png","2427752","8F0ED3F7800D87DF9391AE88923AFE108E210EE15C898EE420D80746FE124E50","1024","1536","","untracked","lfs","rejected","primary;production-reference","identity","canon-constrained","Focused rework","settled","summary","filesystem;phase1-log","","art/graphic_novel/PHASE_1_CANDIDATE_REVIEW_LOG_2026-09-01.md","","chapter_01_wakeup/continuity-sheet-phase1-refinement-v2.png","characters/almelah-dojo-master/continuity-sheet.png","","","","","archive","characters/almelah-dojo-master/archive/phase-1/almelah-dojo-master-continuity-sheet-material-refinement-v3-pass1.png","",""
"2026-09-04","b24f2b55140833b0a1d56d54c2c1d46fcf479972","existing-file","GN-CHAR-ALMELAH-DOJO-MASTER-CONTINUITY-SHEET","GN-CHAR-ALMELAH-DOJO-MASTER-CONTINUITY-SHEET-MATERIAL-V03-0B4332BA","characters/almelah-dojo-master/continuity-sheet-material-refinement-v3.png","continuity-sheet-material-refinement-v3.png","character","almelah-dojo-master","continuity-sheet","v3","phase-1","true",".png","2359291","0B4332BA9E9217D3D8CAAB611B9EFF96C1DC2698A5EFB9BD4CFF129D8EB2AC6C","1024","1536","","untracked","lfs","approved-working","primary;production-reference","identity","canon-constrained","Approved working authority","phase1-reconciliation-required","summary","author-review;filesystem;phase1-log","","art/graphic_novel/PHASE_1_CANDIDATE_REVIEW_LOG_2026-09-01.md","","chapter_01_wakeup/continuity-sheet-phase1-refinement-v2.png","characters/almelah-dojo-master/continuity-sheet.png","","","","","promote-after-approval","characters/almelah-dojo-master/candidates/phase-1/almelah-dojo-master-continuity-sheet-material-refinement-v3.png","PF1-016 reconciliation",""
"2026-09-04","b24f2b55140833b0a1d56d54c2c1d46fcf479972","existing-file","GN-CHAR-ALMELAH-DOJO-MASTER-CONTINUITY-SHEET","GN-CHAR-ALMELAH-DOJO-MASTER-CONTINUITY-SHEET-CONTINUITY-SHEET-368BAEDD","characters/almelah-dojo-master/continuity-sheet.png","continuity-sheet.png","character","almelah-dojo-master","continuity-sheet","","","true",".png","2624148","368BAEDD1D8D1767C1A00E0FBE1A35EDB418C4722A55FC669373FABB2CCF4269","1024","1536","","tracked-clean","git","approved","primary;production-reference","identity","canon-constrained","Available","settled","missing","filesystem;registry","","art/graphic_novel/asset_registry.md","Chapter 15 dojo memory","","","","","characters/almelah-dojo-master/continuity-sheet-material-refinement-pilot-v2.png;characters/almelah-dojo-master/continuity-sheet-material-refinement-pilot.png;characters/almelah-dojo-master/continuity-sheet-material-refinement-v3-pass1.png;characters/almelah-dojo-master/continuity-sheet-material-refinement-v3.png","","move","characters/almelah-dojo-master/approved/almelah-dojo-master-continuity-sheet.png","",""
"2026-09-04","b24f2b55140833b0a1d56d54c2c1d46fcf479972","existing-file","GN-CHAR-ALYEN-ITHRA-CONTINUITY-SHEET","GN-CHAR-ALYEN-ITHRA-CONTINUITY-SHEET-PF1-V01-CANVAS-NORMALIZED-A7AA1783","characters/alyen-ithra/continuity-sheet-phase1-refinement-v1-canvas-normalized.png","continuity-sheet-phase1-refinement-v1-canvas-normalized.png","character","alyen-ithra","continuity-sheet","v1","phase-1","true",".png","2712913","A7AA17831E5E55990A884498DE7D0CE65692D9654A2AAD9BFEC708A7E2D95313","1672","941","","untracked","lfs","superseded","primary;production-reference","identity","canon-constrained","Superseded review evidence","settled","summary","filesystem;phase1-log","","art/graphic_novel/PHASE_1_CANDIDATE_REVIEW_LOG_2026-09-01.md","","chapter_01_wakeup/continuity-sheet-phase1-refinement-v2.png","characters/alyen-ithra/continuity-sheet.png","","","","","archive","characters/alyen-ithra/archive/phase-1/alyen-ithra-continuity-sheet-phase1-refinement-v1-canvas-normalized.png","",""
"2026-09-04","b24f2b55140833b0a1d56d54c2c1d46fcf479972","existing-file","GN-CHAR-ALYEN-ITHRA-CONTINUITY-SHEET","GN-CHAR-ALYEN-ITHRA-CONTINUITY-SHEET-PF1-V01-5BE05307","characters/alyen-ithra/continuity-sheet-phase1-refinement-v1.png","continuity-sheet-phase1-refinement-v1.png","character","alyen-ithra","continuity-sheet","v1","phase-1","true",".png","2160450","5BE053071F00F7718931AC1C7536992E76DCADE5D99C7E8CCA6C6DE96A902341","1671","941","","untracked","lfs","superseded","primary;production-reference","identity","canon-constrained","Superseded candidate","settled","summary","filesystem;phase1-log","","art/graphic_novel/PHASE_1_CANDIDATE_REVIEW_LOG_2026-09-01.md","","chapter_01_wakeup/continuity-sheet-phase1-refinement-v2.png","characters/alyen-ithra/continuity-sheet.png","","","","","archive","characters/alyen-ithra/archive/phase-1/alyen-ithra-continuity-sheet-phase1-refinement-v1.png","",""
"2026-09-04","b24f2b55140833b0a1d56d54c2c1d46fcf479972","existing-file","GN-CHAR-ALYEN-ITHRA-CONTINUITY-SHEET","GN-CHAR-ALYEN-ITHRA-CONTINUITY-SHEET-PF1-V02-6169D131","characters/alyen-ithra/continuity-sheet-phase1-refinement-v2.png","continuity-sheet-phase1-refinement-v2.png","character","alyen-ithra","continuity-sheet","v2","phase-1","true",".png","2127556","6169D1312FF4578CE4FF815CA05C04DD87EA2A31459CE971176B246EBD3DCC93","1672","941","","untracked","lfs","approved-working","primary;production-reference","identity","canon-constrained","Approved working authority","phase1-reconciliation-required","summary","author-review;filesystem;phase1-log","","art/graphic_novel/PHASE_1_CANDIDATE_REVIEW_LOG_2026-09-01.md","","chapter_01_wakeup/continuity-sheet-phase1-refinement-v2.png","characters/alyen-ithra/continuity-sheet.png","","","","","promote-after-approval","characters/alyen-ithra/candidates/phase-1/alyen-ithra-continuity-sheet-phase1-refinement-v2.png","PF1-016 reconciliation",""
"2026-09-04","b24f2b55140833b0a1d56d54c2c1d46fcf479972","existing-file","GN-CHAR-ALYEN-ITHRA-CONTINUITY-SHEET","GN-CHAR-ALYEN-ITHRA-CONTINUITY-SHEET-CONTINUITY-SHEET-01296C09","characters/alyen-ithra/continuity-sheet.png","continuity-sheet.png","character","alyen-ithra","continuity-sheet","","","true",".png","2286764","01296C098CBC44C0E83654C235402C941699C5B9710C7B8ACA54D1FAB91D4C3F","1672","941","","tracked-clean","git","approved","primary;production-reference","identity","canon-constrained","Available","settled","missing","filesystem;registry","","art/graphic_novel/asset_registry.md","Chapters 6-7","","","","","characters/alyen-ithra/continuity-sheet-phase1-refinement-v1-canvas-normalized.png;characters/alyen-ithra/continuity-sheet-phase1-refinement-v1.png;characters/alyen-ithra/continuity-sheet-phase1-refinement-v2.png","","move","characters/alyen-ithra/approved/alyen-ithra-continuity-sheet.png","",""
"2026-09-04","b24f2b55140833b0a1d56d54c2c1d46fcf479972","existing-file","GN-CHAR-BELOW-THE-MAP-ESCORT-CONTINUITY-SHEET","GN-CHAR-BELOW-THE-MAP-ESCORT-CONTINUITY-SHEET-PF1-V01-B78DB564","characters/below-the-map-escort/continuity-sheet-phase1-refinement-v1.png","continuity-sheet-phase1-refinement-v1.png","character","below-the-map-escort","continuity-sheet","v1","phase-1","true",".png","2768992","B78DB564CD7AA4AAA4A2B339A176E6FBBB37A89D618100682F774172937718BA","1024","1536","","untracked","lfs","approved-working","primary;production-reference","identity","canon-constrained","Approved working authority","phase1-reconciliation-required","summary","author-review;filesystem;phase1-log","","art/graphic_novel/PHASE_1_CANDIDATE_REVIEW_LOG_2026-09-01.md","","chapter_01_wakeup/continuity-sheet-phase1-refinement-v2.png","characters/below-the-map-escort/continuity-sheet.png","","","","","promote-after-approval","characters/below-the-map-escort/candidates/phase-1/below-the-map-escort-continuity-sheet-phase1-refinement-v1.png","PF1-016 reconciliation",""
"2026-09-04","b24f2b55140833b0a1d56d54c2c1d46fcf479972","existing-file","GN-CHAR-BELOW-THE-MAP-ESCORT-CONTINUITY-SHEET","GN-CHAR-BELOW-THE-MAP-ESCORT-CONTINUITY-SHEET-CONTINUITY-SHEET-547703EC","characters/below-the-map-escort/continuity-sheet.png","continuity-sheet.png","character","below-the-map-escort","continuity-sheet","","","true",".png","2844896","547703ECBAACFEECECA79C67BBF4DF2810926D93614CE37D850E12C799F19F5D","1024","1536","","tracked-clean","git","approved","primary;production-reference","identity","canon-constrained","Available","settled","missing","filesystem;registry","","art/graphic_novel/asset_registry.md","Chapters 20-22","","","","","characters/below-the-map-escort/continuity-sheet-phase1-refinement-v1.png","","move","characters/below-the-map-escort/approved/below-the-map-escort-continuity-sheet.png","",""
"2026-09-04","b24f2b55140833b0a1d56d54c2c1d46fcf479972","existing-file","GN-CHAR-BROKEN-CLINIC-LEADER-AND-GUARD-CONTINUITY-SHEET","GN-CHAR-BROKEN-CLINIC-LEADER-AND-GUARD-CONTINUITY-SHEET-PF1-V01-4D947EE0","characters/broken-clinic-leader-and-guard/continuity-sheet-phase1-refinement-v1.png","continuity-sheet-phase1-refinement-v1.png","character","broken-clinic-leader-and-guard","continuity-sheet","v1","phase-1","true",".png","2806145","4D947EE098834B341DA12F7DBE628D64FF8A31B13070A243EF4FF7086E70E49D","1024","1536","","untracked","lfs","rejected","primary;production-reference","identity","canon-constrained","Focused rework","settled","summary","filesystem;phase1-log","","art/graphic_novel/PHASE_1_CANDIDATE_REVIEW_LOG_2026-09-01.md","","chapter_01_wakeup/continuity-sheet-phase1-refinement-v2.png","characters/broken-clinic-leader-and-guard/continuity-sheet.png","","","","","archive","characters/broken-clinic-leader-and-guard/archive/phase-1/broken-clinic-leader-and-guard-continuity-sheet-phase1-refinement-v1.png","",""
"2026-09-04","b24f2b55140833b0a1d56d54c2c1d46fcf479972","existing-file","GN-CHAR-BROKEN-CLINIC-LEADER-AND-GUARD-CONTINUITY-SHEET","GN-CHAR-BROKEN-CLINIC-LEADER-AND-GUARD-CONTINUITY-SHEET-PF1-V02-5312794B","characters/broken-clinic-leader-and-guard/continuity-sheet-phase1-refinement-v2.png","continuity-sheet-phase1-refinement-v2.png","character","broken-clinic-leader-and-guard","continuity-sheet","v2","phase-1","true",".png","2648492","5312794B2018C04E6302AC78A32F74A46F33785ABF81C57E6ED9AD047C7EF5AA","1024","1536","","untracked","lfs","approved-working","primary;production-reference","identity","canon-constrained","Approved working authority","phase1-reconciliation-required","summary","author-review;filesystem;phase1-log","","art/graphic_novel/PHASE_1_CANDIDATE_REVIEW_LOG_2026-09-01.md","","chapter_01_wakeup/continuity-sheet-phase1-refinement-v2.png","characters/broken-clinic-leader-and-guard/continuity-sheet.png","","","","","promote-after-approval","characters/broken-clinic-leader-and-guard/candidates/phase-1/broken-clinic-leader-and-guard-continuity-sheet-phase1-refinement-v2.png","PF1-016 reconciliation",""
"2026-09-04","b24f2b55140833b0a1d56d54c2c1d46fcf479972","existing-file","GN-CHAR-BROKEN-CLINIC-LEADER-AND-GUARD-CONTINUITY-SHEET","GN-CHAR-BROKEN-CLINIC-LEADER-AND-GUARD-CONTINUITY-SHEET-CONTINUITY-SHEET-0C1B1990","characters/broken-clinic-leader-and-guard/continuity-sheet.png","continuity-sheet.png","character","broken-clinic-leader-and-guard","continuity-sheet","","","true",".png","2884240","0C1B1990FE3058924B7A8EC09472D3B954E6C612A55735048711CE200F5322FB","1024","1536","","tracked-clean","git","approved","primary;production-reference","identity","canon-constrained","Available","settled","missing","filesystem;registry","","art/graphic_novel/asset_registry.md","Chapter 14","","","","","characters/broken-clinic-leader-and-guard/continuity-sheet-phase1-refinement-v1.png;characters/broken-clinic-leader-and-guard/continuity-sheet-phase1-refinement-v2.png","","move","characters/broken-clinic-leader-and-guard/approved/broken-clinic-leader-and-guard-continuity-sheet.png","",""
"2026-09-04","b24f2b55140833b0a1d56d54c2c1d46fcf479972","existing-file","GN-CHAR-CASSIAN-RHO-CONTINUITY-SHEET","GN-CHAR-CASSIAN-RHO-CONTINUITY-SHEET-PF1-V01-CANVAS-NORMALIZED-746AF936","characters/cassian-rho/continuity-sheet-phase1-refinement-v1-canvas-normalized.png","continuity-sheet-phase1-refinement-v1-canvas-normalized.png","character","cassian-rho","continuity-sheet","v1","phase-1","true",".png","2667659","746AF93681AC52967343018023D470A0F945312279136D7070ADC8A1A816D038","1672","941","","untracked","lfs","rejected","primary;production-reference","identity","canon-constrained","Focused rework evidence","settled","summary","filesystem;phase1-log","","art/graphic_novel/PHASE_1_CANDIDATE_REVIEW_LOG_2026-09-01.md","","chapter_01_wakeup/continuity-sheet-phase1-refinement-v2.png","characters/cassian-rho/continuity-sheet.png","","","","","archive","characters/cassian-rho/archive/phase-1/cassian-rho-continuity-sheet-phase1-refinement-v1-canvas-normalized.png","",""
"2026-09-04","b24f2b55140833b0a1d56d54c2c1d46fcf479972","existing-file","GN-CHAR-CASSIAN-RHO-CONTINUITY-SHEET","GN-CHAR-CASSIAN-RHO-CONTINUITY-SHEET-PF1-V01-A1CEA7CD","characters/cassian-rho/continuity-sheet-phase1-refinement-v1.png","continuity-sheet-phase1-refinement-v1.png","character","cassian-rho","continuity-sheet","v1","phase-1","true",".png","2176073","A1CEA7CD90A3B64F7AD484702E0949C67F880AAA1915BAED8B7B6D7BC76AA11E","1670","941","","untracked","lfs","rejected","primary;production-reference","identity","canon-constrained","Focused rework","settled","summary","filesystem;phase1-log","","art/graphic_novel/PHASE_1_CANDIDATE_REVIEW_LOG_2026-09-01.md","","chapter_01_wakeup/continuity-sheet-phase1-refinement-v2.png","characters/cassian-rho/continuity-sheet.png","","","","","archive","characters/cassian-rho/archive/phase-1/cassian-rho-continuity-sheet-phase1-refinement-v1.png","",""
"2026-09-04","b24f2b55140833b0a1d56d54c2c1d46fcf479972","existing-file","GN-CHAR-CASSIAN-RHO-CONTINUITY-SHEET","GN-CHAR-CASSIAN-RHO-CONTINUITY-SHEET-PF1-V02-394F6A18","characters/cassian-rho/continuity-sheet-phase1-refinement-v2.png","continuity-sheet-phase1-refinement-v2.png","character","cassian-rho","continuity-sheet","v2","phase-1","true",".png","2132342","394F6A182665CA1E3FD009E14DCC7A4309CD980787186B2C03C29D1C77C98E01","1672","941","","untracked","lfs","approved-working","primary;production-reference","identity","canon-constrained","Approved working authority","phase1-reconciliation-required","summary","author-review;filesystem;phase1-log","","art/graphic_novel/PHASE_1_CANDIDATE_REVIEW_LOG_2026-09-01.md","","chapter_01_wakeup/continuity-sheet-phase1-refinement-v2.png","characters/cassian-rho/continuity-sheet.png","","","","","promote-after-approval","characters/cassian-rho/candidates/phase-1/cassian-rho-continuity-sheet-phase1-refinement-v2.png","PF1-016 reconciliation",""
"2026-09-04","b24f2b55140833b0a1d56d54c2c1d46fcf479972","existing-file","GN-CHAR-CASSIAN-RHO-CONTINUITY-SHEET","GN-CHAR-CASSIAN-RHO-CONTINUITY-SHEET-CONTINUITY-SHEET-CD3AE802","characters/cassian-rho/continuity-sheet.png","continuity-sheet.png","character","cassian-rho","continuity-sheet","","","true",".png","2263350","CD3AE8020F28E81EBFC771399CCBA24B101EEA4BA1A804AB496D4CAEB78C14FE","1672","941","","tracked-clean","git","approved","primary;production-reference","identity","canon-constrained","Available","settled","missing","filesystem;registry","","art/graphic_novel/asset_registry.md","Recurring Cassian graphic-novel reference","","","","","characters/cassian-rho/continuity-sheet-phase1-refinement-v1-canvas-normalized.png;characters/cassian-rho/continuity-sheet-phase1-refinement-v1.png;characters/cassian-rho/continuity-sheet-phase1-refinement-v2.png","","move","characters/cassian-rho/approved/cassian-rho-continuity-sheet.png","",""
"2026-09-04","b24f2b55140833b0a1d56d54c2c1d46fcf479972","existing-file","GN-CHAR-GOR-OF-ALMELAH-CONTINUITY-SHEET","GN-CHAR-GOR-OF-ALMELAH-CONTINUITY-SHEET-PF1-V01-4DD005DF","characters/gor-of-almelah/continuity-sheet-phase1-refinement-v1.png","continuity-sheet-phase1-refinement-v1.png","character","gor-of-almelah","continuity-sheet","v1","phase-1","true",".png","2791307","4DD005DFD79F503012B0F5B8341AF9A8EC2FBDF71A0D10CCD031567D1D7DCCE7","1024","1536","","untracked","lfs","superseded","primary;production-reference","identity","canon-constrained","Superseded material iteration","settled","summary","filesystem;phase1-log","","art/graphic_novel/PHASE_1_CANDIDATE_REVIEW_LOG_2026-09-01.md","","chapter_01_wakeup/continuity-sheet-phase1-refinement-v2.png","characters/gor-of-almelah/continuity-sheet.png","","","","","archive","characters/gor-of-almelah/archive/phase-1/gor-of-almelah-continuity-sheet-phase1-refinement-v1.png","",""
"2026-09-04","b24f2b55140833b0a1d56d54c2c1d46fcf479972","existing-file","GN-CHAR-GOR-OF-ALMELAH-CONTINUITY-SHEET","GN-CHAR-GOR-OF-ALMELAH-CONTINUITY-SHEET-PF1-V02-4D564D29","characters/gor-of-almelah/continuity-sheet-phase1-refinement-v2.png","continuity-sheet-phase1-refinement-v2.png","character","gor-of-almelah","continuity-sheet","v2","phase-1","true",".png","2716307","4D564D29AD00F73E566F382ADD02A0A96CBFFFD1D6E2A18A28C9D2595206A8B2","1024","1536","","untracked","lfs","superseded","primary;production-reference","identity","canon-constrained","Superseded material iteration","settled","summary","filesystem;phase1-log","","art/graphic_novel/PHASE_1_CANDIDATE_REVIEW_LOG_2026-09-01.md","","chapter_01_wakeup/continuity-sheet-phase1-refinement-v2.png","characters/gor-of-almelah/continuity-sheet.png","","","","","archive","characters/gor-of-almelah/archive/phase-1/gor-of-almelah-continuity-sheet-phase1-refinement-v2.png","",""
"2026-09-04","b24f2b55140833b0a1d56d54c2c1d46fcf479972","existing-file","GN-CHAR-GOR-OF-ALMELAH-CONTINUITY-SHEET","GN-CHAR-GOR-OF-ALMELAH-CONTINUITY-SHEET-PF1-V03-A579A7D5","characters/gor-of-almelah/continuity-sheet-phase1-refinement-v3.png","continuity-sheet-phase1-refinement-v3.png","character","gor-of-almelah","continuity-sheet","v3","phase-1","true",".png","2595505","A579A7D57336BB5BC3A47FDD7819501C2490461E794B7BEED122F04564358B93","1024","1536","","untracked","lfs","rejected","primary;production-reference","identity","canon-constrained","Focused rework","settled","summary","filesystem;phase1-log","","art/graphic_novel/PHASE_1_CANDIDATE_REVIEW_LOG_2026-09-01.md","","chapter_01_wakeup/continuity-sheet-phase1-refinement-v2.png","characters/gor-of-almelah/continuity-sheet.png","","","","","archive","characters/gor-of-almelah/archive/phase-1/gor-of-almelah-continuity-sheet-phase1-refinement-v3.png","",""
"2026-09-04","b24f2b55140833b0a1d56d54c2c1d46fcf479972","existing-file","GN-CHAR-GOR-OF-ALMELAH-CONTINUITY-SHEET","GN-CHAR-GOR-OF-ALMELAH-CONTINUITY-SHEET-PF1-V04-709CCBCD","characters/gor-of-almelah/continuity-sheet-phase1-refinement-v4.png","continuity-sheet-phase1-refinement-v4.png","character","gor-of-almelah","continuity-sheet","v4","phase-1","true",".png","2554422","709CCBCDE03F61AFF78E8ADEF8FD7A71B9A68F0273596E807BABF81F2E47723D","1024","1536","","untracked","lfs","superseded","primary;production-reference","identity","canon-constrained","Superseded face-corrected predecessor","settled","summary","filesystem;phase1-log","","art/graphic_novel/PHASE_1_CANDIDATE_REVIEW_LOG_2026-09-01.md","","chapter_01_wakeup/continuity-sheet-phase1-refinement-v2.png","characters/gor-of-almelah/continuity-sheet.png","","","","","archive","characters/gor-of-almelah/archive/phase-1/gor-of-almelah-continuity-sheet-phase1-refinement-v4.png","",""
"2026-09-04","b24f2b55140833b0a1d56d54c2c1d46fcf479972","existing-file","GN-CHAR-GOR-OF-ALMELAH-CONTINUITY-SHEET","GN-CHAR-GOR-OF-ALMELAH-CONTINUITY-SHEET-PF1-V05-DE960B71","characters/gor-of-almelah/continuity-sheet-phase1-refinement-v5.png","continuity-sheet-phase1-refinement-v5.png","character","gor-of-almelah","continuity-sheet","v5","phase-1","true",".png","2519905","DE960B710A5099F3FC92905579FA3D247EA76E8FAEC24CC22BC876CAB73CBE42","1024","1536","","untracked","lfs","candidate","primary;production-reference","identity","canon-constrained","Candidate review predecessor","settled","summary","filesystem;phase1-log","","art/graphic_novel/PHASE_1_CANDIDATE_REVIEW_LOG_2026-09-01.md","","chapter_01_wakeup/continuity-sheet-phase1-refinement-v2.png","characters/gor-of-almelah/continuity-sheet.png","","","","","promote-after-approval","characters/gor-of-almelah/candidates/phase-1/gor-of-almelah-continuity-sheet-phase1-refinement-v5.png","PF1-016 reconciliation",""
"2026-09-04","b24f2b55140833b0a1d56d54c2c1d46fcf479972","existing-file","GN-CHAR-GOR-OF-ALMELAH-CONTINUITY-SHEET","GN-CHAR-GOR-OF-ALMELAH-CONTINUITY-SHEET-PF1-V06-2F693621","characters/gor-of-almelah/continuity-sheet-phase1-refinement-v6.png","continuity-sheet-phase1-refinement-v6.png","character","gor-of-almelah","continuity-sheet","v6","phase-1","true",".png","2531632","2F693621382F31F688BCD3A15BF361AEE6EED6855B7EFED24B69033003E57CC7","1024","1536","","untracked","lfs","superseded","primary;production-reference","identity","canon-constrained","Superseded author-bias iteration","settled","summary","filesystem;phase1-log","","art/graphic_novel/PHASE_1_CANDIDATE_REVIEW_LOG_2026-09-01.md","","chapter_01_wakeup/continuity-sheet-phase1-refinement-v2.png","characters/gor-of-almelah/continuity-sheet.png","","","","","archive","characters/gor-of-almelah/archive/phase-1/gor-of-almelah-continuity-sheet-phase1-refinement-v6.png","",""
"2026-09-04","b24f2b55140833b0a1d56d54c2c1d46fcf479972","existing-file","GN-CHAR-GOR-OF-ALMELAH-CONTINUITY-SHEET","GN-CHAR-GOR-OF-ALMELAH-CONTINUITY-SHEET-PF1-V07-E3A568E8","characters/gor-of-almelah/continuity-sheet-phase1-refinement-v7.png","continuity-sheet-phase1-refinement-v7.png","character","gor-of-almelah","continuity-sheet","v7","phase-1","true",".png","2510180","E3A568E8EE714A3F11F884A173687A95DAF8D01D0909EDC7BF6CD8BDFEC0B6FB","1024","1536","","untracked","lfs","candidate","primary;production-reference","identity","canon-constrained","Candidate review; author decision pending","author-review-required","summary","author-review;filesystem;phase1-log","","art/graphic_novel/PHASE_1_CANDIDATE_REVIEW_LOG_2026-09-01.md","","chapter_01_wakeup/continuity-sheet-phase1-refinement-v2.png","characters/gor-of-almelah/continuity-sheet.png","","","","","promote-after-approval","characters/gor-of-almelah/candidates/phase-1/gor-of-almelah-continuity-sheet-phase1-refinement-v7.png","author decision",""
"2026-09-04","b24f2b55140833b0a1d56d54c2c1d46fcf479972","existing-file","GN-CHAR-GOR-OF-ALMELAH-CONTINUITY-SHEET-YOUNG","GN-CHAR-GOR-OF-ALMELAH-CONTINUITY-SHEET-YOUNG-PF1-V01-36692245","characters/gor-of-almelah/continuity-sheet-young-phase1-refinement-v1.png","continuity-sheet-young-phase1-refinement-v1.png","character","gor-of-almelah","continuity-sheet","v1","phase-1","true",".png","2798761","366922450583329561708D0F7A04990742C25083EC0F8F53971CFA3F90196293","1024","1536","","untracked","lfs","superseded","primary;production-reference","identity","canon-constrained","Superseded anatomy candidate","settled","summary","filesystem;phase1-log","","art/graphic_novel/PHASE_1_CANDIDATE_REVIEW_LOG_2026-09-01.md","","chapter_01_wakeup/continuity-sheet-phase1-refinement-v2.png","characters/gor-of-almelah/continuity-sheet-young.png","","","","","archive","characters/gor-of-almelah/archive/phase-1/gor-of-almelah-continuity-sheet-young-phase1-refinement-v1.png","",""
"2026-09-04","b24f2b55140833b0a1d56d54c2c1d46fcf479972","existing-file","GN-CHAR-GOR-OF-ALMELAH-CONTINUITY-SHEET-YOUNG","GN-CHAR-GOR-OF-ALMELAH-CONTINUITY-SHEET-YOUNG-PF1-V02-39CB3EC6","characters/gor-of-almelah/continuity-sheet-young-phase1-refinement-v2.png","continuity-sheet-young-phase1-refinement-v2.png","character","gor-of-almelah","continuity-sheet","v2","phase-1","true",".png","2626693","39CB3EC6C8BC74C21C10A6220B1CE465BC07F0C227F4679D2BF6366191D73183","1024","1536","","untracked","lfs","approved-working","primary;production-reference","identity","canon-constrained","Approved working authority","phase1-reconciliation-required","summary","author-review;filesystem;phase1-log","","art/graphic_novel/PHASE_1_CANDIDATE_REVIEW_LOG_2026-09-01.md","","chapter_01_wakeup/continuity-sheet-phase1-refinement-v2.png","characters/gor-of-almelah/continuity-sheet-young.png","","","","","promote-after-approval","characters/gor-of-almelah/candidates/phase-1/gor-of-almelah-continuity-sheet-young-phase1-refinement-v2.png","PF1-016 reconciliation",""
"2026-09-04","b24f2b55140833b0a1d56d54c2c1d46fcf479972","existing-file","GN-CHAR-GOR-OF-ALMELAH-CONTINUITY-SHEET-YOUNG","GN-CHAR-GOR-OF-ALMELAH-CONTINUITY-SHEET-YOUNG-CONTINUITY-SHEET-YOUNG-991F03A1","characters/gor-of-almelah/continuity-sheet-young.png","continuity-sheet-young.png","character","gor-of-almelah","continuity-sheet","","","true",".png","2848926","991F03A1F1EACBD1723FCA4368C3A8C9DE26841F7CF488FA91718D9059D33C4D","1024","1536","","tracked-clean","git","approved","primary;production-reference","identity","canon-constrained","Available","settled","missing","filesystem;registry","","art/graphic_novel/asset_registry.md","Chapter 15 dojo and departure memories","","","","","characters/gor-of-almelah/continuity-sheet-young-phase1-refinement-v1.png;characters/gor-of-almelah/continuity-sheet-young-phase1-refinement-v2.png","","move","characters/gor-of-almelah/approved/gor-of-almelah-continuity-sheet-young.png","",""
"2026-09-04","b24f2b55140833b0a1d56d54c2c1d46fcf479972","existing-file","GN-CHAR-GOR-OF-ALMELAH-CONTINUITY-SHEET","GN-CHAR-GOR-OF-ALMELAH-CONTINUITY-SHEET-CONTINUITY-SHEET-EBFF2C25","characters/gor-of-almelah/continuity-sheet.png","continuity-sheet.png","character","gor-of-almelah","continuity-sheet","","","true",".png","2754102","EBFF2C25481771565F88365C323C805F09BC179D2F93772F79929B403CA4C97C","1024","1536","DUP-004","tracked-clean","git","approved","primary;production-reference","identity","canon-constrained","Available","settled","missing","filesystem;hash-match;registry","","art/graphic_novel/asset_registry.md","Chapters 13-15 and present-day pursuit","","","","","characters/gor-of-almelah/continuity-sheet-phase1-refinement-v1.png;characters/gor-of-almelah/continuity-sheet-phase1-refinement-v2.png;characters/gor-of-almelah/continuity-sheet-phase1-refinement-v3.png;characters/gor-of-almelah/continuity-sheet-phase1-refinement-v4.png;characters/gor-of-almelah/continuity-sheet-phase1-refinement-v5.png;characters/gor-of-almelah/continuity-sheet-phase1-refinement-v6.png;characters/gor-of-almelah/continuity-sheet-phase1-refinement-v7.png","","move","characters/gor-of-almelah/approved/gor-of-almelah-continuity-sheet.png","",""
"2026-09-04","b24f2b55140833b0a1d56d54c2c1d46fcf479972","existing-file","GN-CHAR-KORIN-TAL-CONTINUITY-SHEET","GN-CHAR-KORIN-TAL-CONTINUITY-SHEET-PF1-V01-0626673E","characters/korin-tal/continuity-sheet-phase1-refinement-v1.png","continuity-sheet-phase1-refinement-v1.png","character","korin-tal","continuity-sheet","v1","phase-1","true",".png","2022456","0626673E306EA40F9287B5CF9F50767F7AA388A9388ADA9D0C93BF281256338D","1672","941","","untracked","lfs","approved-working","primary;production-reference","identity","canon-constrained","Approved working authority","phase1-reconciliation-required","summary","author-review;filesystem;phase1-log","","art/graphic_novel/PHASE_1_CANDIDATE_REVIEW_LOG_2026-09-01.md","","chapter_01_wakeup/continuity-sheet-phase1-refinement-v2.png","characters/korin-tal/continuity-sheet.png","","","","","promote-after-approval","characters/korin-tal/candidates/phase-1/korin-tal-continuity-sheet-phase1-refinement-v1.png","PF1-016 reconciliation",""
"2026-09-04","b24f2b55140833b0a1d56d54c2c1d46fcf479972","existing-file","GN-CHAR-KORIN-TAL-CONTINUITY-SHEET","GN-CHAR-KORIN-TAL-CONTINUITY-SHEET-CONTINUITY-SHEET-33D86EAE","characters/korin-tal/continuity-sheet.png","continuity-sheet.png","character","korin-tal","continuity-sheet","","","true",".png","2179772","33D86EAE66DCF30C3A0997113A2028F28F20C4BC94D3D00ACC4CC6E19F53ADBB","1672","941","","tracked-clean","git","approved","primary;production-reference","identity","canon-constrained","Available","settled","missing","filesystem;registry","","art/graphic_novel/asset_registry.md","Chapters 1, 4-6","","","","","characters/korin-tal/continuity-sheet-phase1-refinement-v1.png","","move","characters/korin-tal/approved/korin-tal-continuity-sheet.png","",""
"2026-09-04","b24f2b55140833b0a1d56d54c2c1d46fcf479972","existing-file","GN-CHAR-THENA-CONTINUITY-SHEET","GN-CHAR-THENA-CONTINUITY-SHEET-PF1-V01-CANVAS-NORMALIZED-EFFCB518","characters/thena/continuity-sheet-phase1-refinement-v1-canvas-normalized.png","continuity-sheet-phase1-refinement-v1-canvas-normalized.png","character","thena","continuity-sheet","v1","phase-1","true",".png","2848645","EFFCB518EF38722489F73B615B7F52C5F3068D8DCEAF93667E2B5A5E1A7BBF23","1672","941","","untracked","lfs","approved-working","primary;production-reference","identity","canon-constrained","Approved working authority","phase1-reconciliation-required","summary","author-review;filesystem;phase1-log","","art/graphic_novel/PHASE_1_CANDIDATE_REVIEW_LOG_2026-09-01.md","","chapter_01_wakeup/continuity-sheet-phase1-refinement-v2.png","characters/thena/continuity-sheet.png","","","","","promote-after-approval","characters/thena/candidates/phase-1/thena-continuity-sheet-phase1-refinement-v1-canvas-normalized.png","PF1-016 reconciliation",""
"2026-09-04","b24f2b55140833b0a1d56d54c2c1d46fcf479972","existing-file","GN-CHAR-THENA-CONTINUITY-SHEET","GN-CHAR-THENA-CONTINUITY-SHEET-PF1-V01-56BD0F5B","characters/thena/continuity-sheet-phase1-refinement-v1.png","continuity-sheet-phase1-refinement-v1.png","character","thena","continuity-sheet","v1","phase-1","true",".png","2461714","56BD0F5BAB4AE4C7D4DA4FB4FEE686340A7BD00AB14BCF528FCA208D935F788F","1671","941","","untracked","lfs","superseded","primary;production-reference","identity","canon-constrained","Generated evidence superseded by the canvas-normalized review authority","settled","summary","filesystem;phase1-log","","art/graphic_novel/PHASE_1_CANDIDATE_REVIEW_LOG_2026-09-01.md","","chapter_01_wakeup/continuity-sheet-phase1-refinement-v2.png","characters/thena/continuity-sheet.png","","","","","archive","characters/thena/archive/phase-1/thena-continuity-sheet-phase1-refinement-v1.png","",""
"2026-09-04","b24f2b55140833b0a1d56d54c2c1d46fcf479972","existing-file","GN-CHAR-THENA-CONTINUITY-SHEET","GN-CHAR-THENA-CONTINUITY-SHEET-CONTINUITY-SHEET-BE4223E8","characters/thena/continuity-sheet.png","continuity-sheet.png","character","thena","continuity-sheet","","","true",".png","2576520","BE4223E8B08BE4D77AAA127D82135320D658208F7C07E9D2F615F6BF09B795F6","1672","941","","tracked-clean","git","approved","primary;production-reference","identity","canon-constrained","Available","settled","missing","filesystem;registry","","art/graphic_novel/asset_registry.md","Chapters 9-10","","","","","characters/thena/continuity-sheet-phase1-refinement-v1-canvas-normalized.png;characters/thena/continuity-sheet-phase1-refinement-v1.png","","move","characters/thena/approved/thena-continuity-sheet.png","",""
"2026-09-04","b24f2b55140833b0a1d56d54c2c1d46fcf479972","existing-file","GN-DOC-CONCEPT-ART-WISHLIST","GN-DOC-CONCEPT-ART-WISHLIST-CURRENT-64731117","concept_art_wishlist.md","concept_art_wishlist.md","governance","concept_art_wishlist","governing-document","","","true",".md","30143","64731117D19E8DE1D65E3820045D464E4744840535B53EB369AC0CEA3308915C","","","","tracked-clean","git","approved","governing-document","none","not-applicable","","settled","","filesystem;manual-inference","Document role is inferred from its location, title, and declared status.","","","","","","","","","leave","concept_art_wishlist.md","",""
"2026-09-04","b24f2b55140833b0a1d56d54c2c1d46fcf479972","existing-file","GN-CONCEPT-CHARACTERS-ALYEN-ITHRA-CONCEPT","GN-CONCEPT-CHARACTERS-ALYEN-ITHRA-CONCEPT-CONCEPT-A-1E465474","concept_sketches/characters/alyen-ithra/concept-a.png","concept-a.png","concept","alyen-ithra","concept-sketch","A","concept-wishlist","true",".png","2755853","1E46547423C65C89F7C643D5813F4BEEC7B590DF8F25FFA4CE36651F90060D24","1086","1448","","tracked-clean","git","concept","production-reference","none","non-canon","","author-review-required","summary","filesystem;manual-inference","Concept directory and wishlist establish exploratory status; no promotion is inferred.","art/graphic_novel/concept_art_wishlist.md","","","","","","","","rename","concept_sketches/characters/alyen-ithra/alyen-ithra-concept-a.png","",""
"2026-09-04","b24f2b55140833b0a1d56d54c2c1d46fcf479972","existing-file","GN-CONCEPT-CHARACTERS-ALYEN-ITHRA-CONCEPT","GN-CONCEPT-CHARACTERS-ALYEN-ITHRA-CONCEPT-CONCEPT-B-CB38FE37","concept_sketches/characters/alyen-ithra/concept-b.png","concept-b.png","concept","alyen-ithra","concept-sketch","B","concept-wishlist","true",".png","2473174","CB38FE378949F8759A5552A2B2EFBA1F17013D7DC996F403FA93480759410461","1122","1402","","tracked-clean","git","concept","production-reference","none","non-canon","","author-review-required","summary","filesystem;manual-inference","Concept directory and wishlist establish exploratory status; no promotion is inferred.","art/graphic_novel/concept_art_wishlist.md","","","","","","","","rename","concept_sketches/characters/alyen-ithra/alyen-ithra-concept-b.png","",""
"2026-09-04","b24f2b55140833b0a1d56d54c2c1d46fcf479972","existing-file","GN-CONCEPT-CHARACTERS-CASSIAN-RHO-CONCEPT","GN-CONCEPT-CHARACTERS-CASSIAN-RHO-CONCEPT-CONCEPT-A-9FA8BD04","concept_sketches/characters/cassian-rho/concept-a.png","concept-a.png","concept","cassian-rho","concept-sketch","A","concept-wishlist","true",".png","2554812","9FA8BD0446B952CA846278371DDA5CBEA67813691FD5542265A74991627C3FA7","1086","1448","","tracked-clean","git","concept","production-reference","none","non-canon","","author-review-required","summary","filesystem;manual-inference","Concept directory and wishlist establish exploratory status; no promotion is inferred.","art/graphic_novel/concept_art_wishlist.md","","","","","","","","rename","concept_sketches/characters/cassian-rho/cassian-rho-concept-a.png","",""
"2026-09-04","b24f2b55140833b0a1d56d54c2c1d46fcf479972","existing-file","GN-CONCEPT-CHARACTERS-CASSIAN-RHO-CONCEPT","GN-CONCEPT-CHARACTERS-CASSIAN-RHO-CONCEPT-CONCEPT-B-333D6AFD","concept_sketches/characters/cassian-rho/concept-b.png","concept-b.png","concept","cassian-rho","concept-sketch","B","concept-wishlist","true",".png","3013427","333D6AFD087089F04A3B2F67188221689D793481B6EAB8149B293227C86816A9","971","1619","","tracked-clean","git","concept","production-reference","none","non-canon","","author-review-required","summary","filesystem;manual-inference","Concept directory and wishlist establish exploratory status; no promotion is inferred.","art/graphic_novel/concept_art_wishlist.md","","","","","","","","rename","concept_sketches/characters/cassian-rho/cassian-rho-concept-b.png","",""
"2026-09-04","b24f2b55140833b0a1d56d54c2c1d46fcf479972","existing-file","GN-CONCEPT-CHARACTERS-GOR-OF-ALMELAH-CONCEPT","GN-CONCEPT-CHARACTERS-GOR-OF-ALMELAH-CONCEPT-CONCEPT-A-3A1C5F4E","concept_sketches/characters/gor-of-almelah/concept-a.png","concept-a.png","concept","gor-of-almelah","concept-sketch","A","concept-wishlist","true",".png","3226099","3A1C5F4E20A85339B1A812A9A8B2EE1229B46891A41DC68956BB70A087F1F699","1122","1402","","tracked-clean","git","concept","production-reference","none","non-canon","","author-review-required","summary","filesystem;manual-inference","Concept directory and wishlist establish exploratory status; no promotion is inferred.","art/graphic_novel/concept_art_wishlist.md","","","","","","","","rename","concept_sketches/characters/gor-of-almelah/gor-of-almelah-concept-a.png","",""
"2026-09-04","b24f2b55140833b0a1d56d54c2c1d46fcf479972","existing-file","GN-CONCEPT-CHARACTERS-GOR-OF-ALMELAH-CONCEPT","GN-CONCEPT-CHARACTERS-GOR-OF-ALMELAH-CONCEPT-CONCEPT-B-50FCA2A4","concept_sketches/characters/gor-of-almelah/concept-b.png","concept-b.png","concept","gor-of-almelah","concept-sketch","B","concept-wishlist","true",".png","3032263","50FCA2A40DB8F95CA3702FCF05E0199C0EB84E6B1858F313902ED93EB73676DD","1086","1448","","tracked-clean","git","concept","production-reference","none","non-canon","","author-review-required","summary","filesystem;manual-inference","Concept directory and wishlist establish exploratory status; no promotion is inferred.","art/graphic_novel/concept_art_wishlist.md","","","","","","","","rename","concept_sketches/characters/gor-of-almelah/gor-of-almelah-concept-b.png","",""
"2026-09-04","b24f2b55140833b0a1d56d54c2c1d46fcf479972","existing-file","GN-CONCEPT-CHARACTERS-KORIN-TAL-CONCEPT","GN-CONCEPT-CHARACTERS-KORIN-TAL-CONCEPT-CONCEPT-A-A91288CB","concept_sketches/characters/korin-tal/concept-a.png","concept-a.png","concept","korin-tal","concept-sketch","A","concept-wishlist","true",".png","2592487","A91288CB930031C7CAD357E3FD4346DCCA7AD8E0067C7DD02C36A1AD24D36D0E","1122","1402","","tracked-clean","git","concept","production-reference","none","non-canon","","author-review-required","summary","filesystem;manual-inference","Concept directory and wishlist establish exploratory status; no promotion is inferred.","art/graphic_novel/concept_art_wishlist.md","","","","","","","","rename","concept_sketches/characters/korin-tal/korin-tal-concept-a.png","",""
"2026-09-04","b24f2b55140833b0a1d56d54c2c1d46fcf479972","existing-file","GN-CONCEPT-CHARACTERS-KORIN-TAL-CONCEPT","GN-CONCEPT-CHARACTERS-KORIN-TAL-CONCEPT-CONCEPT-B-3B3015C7","concept_sketches/characters/korin-tal/concept-b.png","concept-b.png","concept","korin-tal","concept-sketch","B","concept-wishlist","true",".png","2767864","3B3015C726923B89EEC9B7D1C306ABE0BB138276AAD7C846691D44403A857524","1122","1402","","tracked-clean","git","concept","production-reference","none","non-canon","","author-review-required","summary","filesystem;manual-inference","Concept directory and wishlist establish exploratory status; no promotion is inferred.","art/graphic_novel/concept_art_wishlist.md","","","","","","","","rename","concept_sketches/characters/korin-tal/korin-tal-concept-b.png","",""
"2026-09-04","b24f2b55140833b0a1d56d54c2c1d46fcf479972","existing-file","GN-CONCEPT-CHARACTERS-MARIBEL-VOSS-CONCEPT","GN-CONCEPT-CHARACTERS-MARIBEL-VOSS-CONCEPT-CONCEPT-A-A3B2CF49","concept_sketches/characters/maribel-voss/concept-a.png","concept-a.png","concept","maribel-voss","concept-sketch","A","concept-wishlist","true",".png","3188527","A3B2CF49881CD126859061D87961C7E60675DD8C1F3075994318FF477CF4B0A7","972","1619","","tracked-clean","git","concept","production-reference","none","non-canon","","author-review-required","summary","filesystem;manual-inference","Concept directory and wishlist establish exploratory status; no promotion is inferred.","art/graphic_novel/concept_art_wishlist.md","","","","","","","","rename","concept_sketches/characters/maribel-voss/maribel-voss-concept-a.png","",""
"2026-09-04","b24f2b55140833b0a1d56d54c2c1d46fcf479972","existing-file","GN-CONCEPT-CHARACTERS-MARIBEL-VOSS-CONCEPT","GN-CONCEPT-CHARACTERS-MARIBEL-VOSS-CONCEPT-CONCEPT-B-163D5CAB","concept_sketches/characters/maribel-voss/concept-b.png","concept-b.png","concept","maribel-voss","concept-sketch","B","concept-wishlist","true",".png","2944411","163D5CABCD36C666AB8D0A5121843F396ADCFC801C9532F6066A55336FA6E848","1122","1402","","tracked-clean","git","concept","production-reference","none","non-canon","","author-review-required","summary","filesystem;manual-inference","Concept directory and wishlist establish exploratory status; no promotion is inferred.","art/graphic_novel/concept_art_wishlist.md","","","","","","","","rename","concept_sketches/characters/maribel-voss/maribel-voss-concept-b.png","",""
"2026-09-04","b24f2b55140833b0a1d56d54c2c1d46fcf479972","existing-file","GN-CONCEPT-CHARACTERS-THENA-CONCEPT","GN-CONCEPT-CHARACTERS-THENA-CONCEPT-CONCEPT-A-DA39B9C4","concept_sketches/characters/thena/concept-a.png","concept-a.png","concept","thena","concept-sketch","A","concept-wishlist","true",".png","3374333","DA39B9C47B5D1BE229DE7FF087060FB18DB19630689479F48671D1FA2A926DCE","971","1619","","tracked-clean","git","concept","production-reference","none","non-canon","","author-review-required","summary","filesystem;manual-inference","Concept directory and wishlist establish exploratory status; no promotion is inferred.","art/graphic_novel/concept_art_wishlist.md","","","","","","","","rename","concept_sketches/characters/thena/thena-concept-a.png","",""
"2026-09-04","b24f2b55140833b0a1d56d54c2c1d46fcf479972","existing-file","GN-CONCEPT-CHARACTERS-THENA-CONCEPT","GN-CONCEPT-CHARACTERS-THENA-CONCEPT-CONCEPT-B-CBAE1F84","concept_sketches/characters/thena/concept-b.png","concept-b.png","concept","thena","concept-sketch","B","concept-wishlist","true",".png","3255338","CBAE1F849B7D309BE94EE4CAF849F62ADE626FE84FEA938A71BEA3BF437D1B3C","1122","1402","","tracked-clean","git","concept","production-reference","none","non-canon","","author-review-required","summary","filesystem;manual-inference","Concept directory and wishlist establish exploratory status; no promotion is inferred.","art/graphic_novel/concept_art_wishlist.md","","","","","","","","rename","concept_sketches/characters/thena/thena-concept-b.png","",""
"2026-09-04","b24f2b55140833b0a1d56d54c2c1d46fcf479972","existing-file","GN-CONCEPT-EVENTS-CONCEPTS-GREAT-SORROW-CONCEPT","GN-CONCEPT-EVENTS-CONCEPTS-GREAT-SORROW-CONCEPT-CONCEPT-A-5F88ABEB","concept_sketches/events-concepts/great-sorrow/concept-a.png","concept-a.png","concept","great-sorrow","concept-sketch","A","concept-wishlist","true",".png","3352730","5F88ABEBCB3A858C6052B98C4A33C2570F88F17848AF3F122FF12DD45691A404","1536","1024","","tracked-clean","lfs","concept","production-reference","none","non-canon","","author-review-required","summary","filesystem;manual-inference","Concept directory and wishlist establish exploratory status; no promotion is inferred.","art/graphic_novel/concept_art_wishlist.md","","","","","","","","rename","concept_sketches/events-concepts/great-sorrow/great-sorrow-concept-a.png","",""
"2026-09-04","b24f2b55140833b0a1d56d54c2c1d46fcf479972","existing-file","GN-CONCEPT-EVENTS-CONCEPTS-GREAT-SORROW-CONCEPT","GN-CONCEPT-EVENTS-CONCEPTS-GREAT-SORROW-CONCEPT-CONCEPT-B-C1417563","concept_sketches/events-concepts/great-sorrow/concept-b.png","concept-b.png","concept","great-sorrow","concept-sketch","B","concept-wishlist","true",".png","2536399","C14175635AB7666130BA2F39B2DFF183C439D28734804B2CAF2860EC6A9F72F5","1535","1024","","tracked-clean","lfs","concept","production-reference","none","non-canon","","author-review-required","summary","filesystem;manual-inference","Concept directory and wishlist establish exploratory status; no promotion is inferred.","art/graphic_novel/concept_art_wishlist.md","","","","","","","","rename","concept_sketches/events-concepts/great-sorrow/great-sorrow-concept-b.png","",""
"2026-09-04","b24f2b55140833b0a1d56d54c2c1d46fcf479972","existing-file","GN-CONCEPT-EVENTS-CONCEPTS-HARMONY-CONCEPT","GN-CONCEPT-EVENTS-CONCEPTS-HARMONY-CONCEPT-CONCEPT-A-A42D9933","concept_sketches/events-concepts/harmony/concept-a.png","concept-a.png","concept","harmony","concept-sketch","A","concept-wishlist","true",".png","2305804","A42D99338E8222ED35989B68CAF36E250E338F45A653B68F7500713DEAB383C8","1536","1024","","tracked-clean","lfs","concept","production-reference","none","non-canon","","author-review-required","summary","filesystem;manual-inference","Concept directory and wishlist establish exploratory status; no promotion is inferred.","art/graphic_novel/concept_art_wishlist.md","","","","","","","","rename","concept_sketches/events-concepts/harmony/harmony-concept-a.png","",""
"2026-09-04","b24f2b55140833b0a1d56d54c2c1d46fcf479972","existing-file","GN-CONCEPT-EVENTS-CONCEPTS-HARMONY-CONCEPT","GN-CONCEPT-EVENTS-CONCEPTS-HARMONY-CONCEPT-CONCEPT-B-FC7CD0F9","concept_sketches/events-concepts/harmony/concept-b.png","concept-b.png","concept","harmony","concept-sketch","B","concept-wishlist","true",".png","2466537","FC7CD0F98B7F13810B2DA50B4B8DBC2EAEB5088CE6AFDB20C08750B0EB432223","1536","1024","","tracked-clean","lfs","concept","production-reference","none","non-canon","","author-review-required","summary","filesystem;manual-inference","Concept directory and wishlist establish exploratory status; no promotion is inferred.","art/graphic_novel/concept_art_wishlist.md","","","","","","","","rename","concept_sketches/events-concepts/harmony/harmony-concept-b.png","",""
"2026-09-04","b24f2b55140833b0a1d56d54c2c1d46fcf479972","existing-file","GN-CONCEPT-EVENTS-CONCEPTS-PROTO-UNDER-HIVE-CONCEPT","GN-CONCEPT-EVENTS-CONCEPTS-PROTO-UNDER-HIVE-CONCEPT-CONCEPT-A-2CB0E03B","concept_sketches/events-concepts/proto-under-hive/concept-a.png","concept-a.png","concept","proto-under-hive","concept-sketch","A","concept-wishlist","true",".png","3393748","2CB0E03B4EDC0B4A4937C5424564BADCD4F48948AECB057513F7B8D7B8856284","1536","1024","","tracked-clean","lfs","concept","production-reference","none","non-canon","","author-review-required","summary","filesystem;manual-inference","Concept directory and wishlist establish exploratory status; no promotion is inferred.","art/graphic_novel/concept_art_wishlist.md","","","","","","","","rename","concept_sketches/events-concepts/proto-under-hive/proto-under-hive-concept-a.png","",""
"2026-09-04","b24f2b55140833b0a1d56d54c2c1d46fcf479972","existing-file","GN-CONCEPT-EVENTS-CONCEPTS-PROTO-UNDER-HIVE-CONCEPT","GN-CONCEPT-EVENTS-CONCEPTS-PROTO-UNDER-HIVE-CONCEPT-CONCEPT-B-FCF3DCA8","concept_sketches/events-concepts/proto-under-hive/concept-b.png","concept-b.png","concept","proto-under-hive","concept-sketch","B","concept-wishlist","true",".png","3198813","FCF3DCA8153C0CDB291B017F767E530EDA712727B2F62CBC4DD9555A9FA4BA24","1536","1024","","tracked-clean","lfs","concept","production-reference","none","non-canon","","author-review-required","summary","filesystem;manual-inference","Concept directory and wishlist establish exploratory status; no promotion is inferred.","art/graphic_novel/concept_art_wishlist.md","","","","","","","","rename","concept_sketches/events-concepts/proto-under-hive/proto-under-hive-concept-b.png","",""
"2026-09-04","b24f2b55140833b0a1d56d54c2c1d46fcf479972","existing-file","GN-CONCEPT-EVENTS-CONCEPTS-SURFACE-AGE-CONCEPT","GN-CONCEPT-EVENTS-CONCEPTS-SURFACE-AGE-CONCEPT-CONCEPT-A-35936F8F","concept_sketches/events-concepts/surface-age/concept-a.png","concept-a.png","concept","surface-age","concept-sketch","A","concept-wishlist","true",".png","3276701","35936F8F3165D1E0971FFDE4A0CF807EB24EF95B359D238B1CF192B2778CA1CA","1536","1024","","tracked-clean","lfs","concept","production-reference","none","non-canon","","author-review-required","summary","filesystem;manual-inference","Concept directory and wishlist establish exploratory status; no promotion is inferred.","art/graphic_novel/concept_art_wishlist.md","","","","","","","","rename","concept_sketches/events-concepts/surface-age/surface-age-concept-a.png","",""
"2026-09-04","b24f2b55140833b0a1d56d54c2c1d46fcf479972","existing-file","GN-CONCEPT-EVENTS-CONCEPTS-SURFACE-AGE-CONCEPT","GN-CONCEPT-EVENTS-CONCEPTS-SURFACE-AGE-CONCEPT-CONCEPT-B-6C383DFE","concept_sketches/events-concepts/surface-age/concept-b.png","concept-b.png","concept","surface-age","concept-sketch","B","concept-wishlist","true",".png","3142071","6C383DFE71FF536A39323F2B4F7B2729EB279E483E9ADA3C180EB7CAB4ABB3DC","1536","1024","","tracked-clean","lfs","concept","production-reference","none","non-canon","","author-review-required","summary","filesystem;manual-inference","Concept directory and wishlist establish exploratory status; no promotion is inferred.","art/graphic_novel/concept_art_wishlist.md","","","","","","","","rename","concept_sketches/events-concepts/surface-age/surface-age-concept-b.png","",""
"2026-09-04","b24f2b55140833b0a1d56d54c2c1d46fcf479972","existing-file","GN-CONCEPT-EVENTS-CONCEPTS-THE-VOSS-EFFECT-CONCEPT","GN-CONCEPT-EVENTS-CONCEPTS-THE-VOSS-EFFECT-CONCEPT-CONCEPT-A-34C09492","concept_sketches/events-concepts/the-voss-effect/concept-a.png","concept-a.png","concept","the-voss-effect","concept-sketch","A","concept-wishlist","true",".png","3207605","34C09492ADF5470B41F94E90F1AE81517362D38675E81435A767F0C4B4C8474A","1536","1024","","tracked-clean","lfs","concept","production-reference","none","non-canon","","author-review-required","summary","filesystem;manual-inference","Concept directory and wishlist establish exploratory status; no promotion is inferred.","art/graphic_novel/concept_art_wishlist.md","","","","","","","","rename","concept_sketches/events-concepts/the-voss-effect/the-voss-effect-concept-a.png","",""
"2026-09-04","b24f2b55140833b0a1d56d54c2c1d46fcf479972","existing-file","GN-CONCEPT-EVENTS-CONCEPTS-THE-VOSS-EFFECT-CONCEPT","GN-CONCEPT-EVENTS-CONCEPTS-THE-VOSS-EFFECT-CONCEPT-CONCEPT-B-B6C937F4","concept_sketches/events-concepts/the-voss-effect/concept-b.png","concept-b.png","concept","the-voss-effect","concept-sketch","B","concept-wishlist","true",".png","3697284","B6C937F41C7B5610A33DADCBFFEFE6B684CBB6BFEBA5F7E57E4FF7F87EFA899C","1536","1024","","tracked-clean","lfs","concept","production-reference","none","non-canon","","author-review-required","summary","filesystem;manual-inference","Concept directory and wishlist establish exploratory status; no promotion is inferred.","art/graphic_novel/concept_art_wishlist.md","","","","","","","","rename","concept_sketches/events-concepts/the-voss-effect/the-voss-effect-concept-b.png","",""
"2026-09-04","b24f2b55140833b0a1d56d54c2c1d46fcf479972","existing-file","GN-CONCEPT-EVENTS-CONCEPTS-TURNING-TIME-CONCEPT","GN-CONCEPT-EVENTS-CONCEPTS-TURNING-TIME-CONCEPT-CONCEPT-A-6C75199C","concept_sketches/events-concepts/turning-time/concept-a.png","concept-a.png","concept","turning-time","concept-sketch","A","concept-wishlist","true",".png","3047765","6C75199C3903217DAB001072BBD3D02E87139C83979EC8E758A8D310EBAAF605","1536","1024","","tracked-clean","lfs","concept","production-reference","none","non-canon","","author-review-required","summary","filesystem;manual-inference","Concept directory and wishlist establish exploratory status; no promotion is inferred.","art/graphic_novel/concept_art_wishlist.md","","","","","","","","rename","concept_sketches/events-concepts/turning-time/turning-time-concept-a.png","",""
"2026-09-04","b24f2b55140833b0a1d56d54c2c1d46fcf479972","existing-file","GN-CONCEPT-EVENTS-CONCEPTS-TURNING-TIME-CONCEPT","GN-CONCEPT-EVENTS-CONCEPTS-TURNING-TIME-CONCEPT-CONCEPT-B-D1C9FE0D","concept_sketches/events-concepts/turning-time/concept-b.png","concept-b.png","concept","turning-time","concept-sketch","B","concept-wishlist","true",".png","2739138","D1C9FE0D0849BAA048F82CE7E6BD6C573195BB42064FA6B1126D646672213054","1536","1024","","tracked-clean","lfs","concept","production-reference","none","non-canon","","author-review-required","summary","filesystem;manual-inference","Concept directory and wishlist establish exploratory status; no promotion is inferred.","art/graphic_novel/concept_art_wishlist.md","","","","","","","","rename","concept_sketches/events-concepts/turning-time/turning-time-concept-b.png","",""
"2026-09-04","b24f2b55140833b0a1d56d54c2c1d46fcf479972","existing-file","GN-CONCEPT-EVENTS-CONCEPTS-UNDER-HIVE-MEMORY-CONCEPT","GN-CONCEPT-EVENTS-CONCEPTS-UNDER-HIVE-MEMORY-CONCEPT-CONCEPT-A-2641BC30","concept_sketches/events-concepts/under-hive-memory/concept-a.png","concept-a.png","concept","under-hive-memory","concept-sketch","A","concept-wishlist","true",".png","2656419","2641BC301BE3DAF84F1628EA92F9DC34224702DB64D5C3F108C9D9BDB15B9FC9","1672","941","","tracked-clean","lfs","concept","production-reference","none","non-canon","","author-review-required","summary","filesystem;manual-inference","Concept directory and wishlist establish exploratory status; no promotion is inferred.","art/graphic_novel/concept_art_wishlist.md","","","","","","","","rename","concept_sketches/events-concepts/under-hive-memory/under-hive-memory-concept-a.png","",""
"2026-09-04","b24f2b55140833b0a1d56d54c2c1d46fcf479972","existing-file","GN-CONCEPT-EVENTS-CONCEPTS-UNDER-HIVE-MEMORY-CONCEPT","GN-CONCEPT-EVENTS-CONCEPTS-UNDER-HIVE-MEMORY-CONCEPT-CONCEPT-B-F0FBD318","concept_sketches/events-concepts/under-hive-memory/concept-b.png","concept-b.png","concept","under-hive-memory","concept-sketch","B","concept-wishlist","true",".png","3015755","F0FBD318ED7126D29ED696CA182BF101CEF0606BFFB7BB89E8432BB1189F10F6","1672","941","","tracked-clean","lfs","concept","production-reference","none","non-canon","","author-review-required","summary","filesystem;manual-inference","Concept directory and wishlist establish exploratory status; no promotion is inferred.","art/graphic_novel/concept_art_wishlist.md","","","","","","","","rename","concept_sketches/events-concepts/under-hive-memory/under-hive-memory-concept-b.png","",""
"2026-09-04","b24f2b55140833b0a1d56d54c2c1d46fcf479972","existing-file","GN-CONCEPT-EVENTS-CONCEPTS-VOSS-CONQUEST-CONCEPT","GN-CONCEPT-EVENTS-CONCEPTS-VOSS-CONQUEST-CONCEPT-CONCEPT-A-C31A80B4","concept_sketches/events-concepts/voss-conquest/concept-a.png","concept-a.png","concept","voss-conquest","concept-sketch","A","concept-wishlist","true",".png","2304783","C31A80B496292A1B941B5D9F051DAE24450881F006CFEC0F7FB3EC9E68AC546D","1536","1024","","tracked-clean","lfs","concept","production-reference","none","non-canon","","author-review-required","summary","filesystem;manual-inference","Concept directory and wishlist establish exploratory status; no promotion is inferred.","art/graphic_novel/concept_art_wishlist.md","","","","","","","","rename","concept_sketches/events-concepts/voss-conquest/voss-conquest-concept-a.png","",""
"2026-09-04","b24f2b55140833b0a1d56d54c2c1d46fcf479972","existing-file","GN-CONCEPT-EVENTS-CONCEPTS-VOSS-CONQUEST-CONCEPT","GN-CONCEPT-EVENTS-CONCEPTS-VOSS-CONQUEST-CONCEPT-CONCEPT-B-3D449F5F","concept_sketches/events-concepts/voss-conquest/concept-b.png","concept-b.png","concept","voss-conquest","concept-sketch","B","concept-wishlist","true",".png","3010687","3D449F5F86C4335088E4A855DB35C738364896005890816CD536A0A976EC81C9","1536","1024","","tracked-clean","lfs","concept","production-reference","none","non-canon","","author-review-required","summary","filesystem;manual-inference","Concept directory and wishlist establish exploratory status; no promotion is inferred.","art/graphic_novel/concept_art_wishlist.md","","","","","","","","rename","concept_sketches/events-concepts/voss-conquest/voss-conquest-concept-b.png","",""
"2026-09-04","b24f2b55140833b0a1d56d54c2c1d46fcf479972","existing-file","GN-CONCEPT-HIVE-EARTH-SYSTEMS-BLADE-TECHNOLOGY-MACRO-MESO-MICRO-V0-1-PNG-BLADE-TECHNOLOGY-MACRO-MESO-MICRO","GN-CONCEPT-HIVE-EARTH-SYSTEMS-BLADE-TECHNOLOGY-MACRO-MESO-MICRO-V0-1-PNG-BLADE-TECHNOLOGY-MACRO-MESO-MICRO-V0-1-3D86FD4D","concept_sketches/hive-earth-systems/blade-technology-macro-meso-micro-v0.1.png","blade-technology-macro-meso-micro-v0.1.png","concept","blade-technology-macro-meso-micro-v0.1.png","system-study-sheet","v0.1","","true",".png","2725578","3D86FD4DB7157AD502D27C342C1413523E04ECC3A838965D8178A5F85C33036D","1672","941","","untracked","git","concept","production-reference","narrow-detail","non-canon","","author-review-required","summary","filesystem;manual-inference","The exploratory index explicitly marks this sheet early-stage and non-canon.","art/graphic_novel/concept_sketches/hive-earth-systems/README.md","","","","","","","","leave","concept_sketches/hive-earth-systems/blade-technology-macro-meso-micro-v0.1.png","",""
"2026-09-04","b24f2b55140833b0a1d56d54c2c1d46fcf479972","existing-file","GN-CONCEPT-HIVE-EARTH-SYSTEMS-CLASS-DIFFERENCES-MACRO-MESO-MICRO-V0-1-PNG-CLASS-DIFFERENCES-MACRO-MESO-MICRO","GN-CONCEPT-HIVE-EARTH-SYSTEMS-CLASS-DIFFERENCES-MACRO-MESO-MICRO-V0-1-PNG-CLASS-DIFFERENCES-MACRO-MESO-MICRO-V0-1-945B0E46","concept_sketches/hive-earth-systems/class-differences-macro-meso-micro-v0.1.png","class-differences-macro-meso-micro-v0.1.png","concept","class-differences-macro-meso-micro-v0.1.png","system-study-sheet","v0.1","","true",".png","3153149","945B0E4659645FB1B6D363FFB8DE43A30FCC3055E7576C782FC2EDA999C34CA1","1536","1024","","untracked","git","concept","production-reference","contextual-environment","non-canon","","author-review-required","summary","filesystem;manual-inference","The exploratory index explicitly marks this sheet early-stage and non-canon.","art/graphic_novel/concept_sketches/hive-earth-systems/README.md","","","","","","","","leave","concept_sketches/hive-earth-systems/class-differences-macro-meso-micro-v0.1.png","",""
"2026-09-04","b24f2b55140833b0a1d56d54c2c1d46fcf479972","existing-file","GN-CONCEPT-HIVE-EARTH-SYSTEMS-HIVE-EARTH-SCARRED-RECOVERY-MACRO-MESO-MICRO-V0-1-PNG-HIVE-EARTH-SCARRED-RECOVERY-MACRO-MESO-MICRO","GN-CONCEPT-HIVE-EARTH-SYSTEMS-HIVE-EARTH-SCARRED-RECOVERY-MACRO-MESO-MICRO-V0-1-PNG-HIVE-EARTH-SCARRED-RECOVERY-MACRO-MESO-MICRO-V0-1-2197B579","concept_sketches/hive-earth-systems/hive-earth-scarred-recovery-macro-meso-micro-v0.1.png","hive-earth-scarred-recovery-macro-meso-micro-v0.1.png","concept","hive-earth-scarred-recovery-macro-meso-micro-v0.1.png","system-study-sheet","v0.1","","true",".png","2956284","2197B57936566F7A2F8C7D91D74BDAE645052714F9FCA2D093A872384B9959CE","1672","941","","untracked","git","concept","production-reference","contextual-environment","non-canon","","author-review-required","summary","filesystem;manual-inference","The exploratory index explicitly marks this sheet early-stage and non-canon.","art/graphic_novel/concept_sketches/hive-earth-systems/README.md","","","","","","","","leave","concept_sketches/hive-earth-systems/hive-earth-scarred-recovery-macro-meso-micro-v0.1.png","",""
"2026-09-04","b24f2b55140833b0a1d56d54c2c1d46fcf479972","existing-file","GN-CONCEPT-HIVE-EARTH-SYSTEMS-MIND-LINK-MACRO-MESO-MICRO-V0-1-PNG-MIND-LINK-MACRO-MESO-MICRO","GN-CONCEPT-HIVE-EARTH-SYSTEMS-MIND-LINK-MACRO-MESO-MICRO-V0-1-PNG-MIND-LINK-MACRO-MESO-MICRO-V0-1-F37550CA","concept_sketches/hive-earth-systems/mind-link-macro-meso-micro-v0.1.png","mind-link-macro-meso-micro-v0.1.png","concept","mind-link-macro-meso-micro-v0.1.png","system-study-sheet","v0.1","","true",".png","2788139","F37550CA366C08DB2CC1DC854EBB3CDCA2EAE16BAEFFE100361A8E4A0A0492CF","1536","1024","","untracked","git","concept","production-reference","narrow-detail","non-canon","","author-review-required","summary","filesystem;manual-inference","The exploratory index explicitly marks this sheet early-stage and non-canon.","art/graphic_novel/concept_sketches/hive-earth-systems/README.md","","","","","","","","leave","concept_sketches/hive-earth-systems/mind-link-macro-meso-micro-v0.1.png","",""
"2026-09-04","b24f2b55140833b0a1d56d54c2c1d46fcf479972","existing-file","GN-CONCEPT-HIVE-EARTH-SYSTEMS-README-MD-README","GN-CONCEPT-HIVE-EARTH-SYSTEMS-README-MD-README-CURRENT-2FBBAB9F","concept_sketches/hive-earth-systems/README.md","README.md","concept","README.md","governing-document","","","true",".md","1658","2FBBAB9F01662207F99F2F110F2F875C665E045ECE2F7D93358CDF35D17BC456","","","","untracked","git","concept","production-reference","narrow-detail","non-canon","","author-review-required","summary","filesystem;manual-inference","The exploratory index explicitly marks this sheet early-stage and non-canon.","art/graphic_novel/concept_sketches/hive-earth-systems/README.md","","","","","","","","leave","concept_sketches/hive-earth-systems/README.md","",""
"2026-09-04","b24f2b55140833b0a1d56d54c2c1d46fcf479972","existing-file","GN-CONCEPT-HIVE-EARTH-SYSTEMS-SCAVENGER-PROJECTILE-TECHNOLOGY-MACRO-MESO-MICRO-V0-1-PNG-SCAVENGER-PROJECTILE-TECHNOLOGY-MACRO-MESO-MICRO","GN-CONCEPT-HIVE-EARTH-SYSTEMS-SCAVENGER-PROJECTILE-TECHNOLOGY-MACRO-MESO-MICRO-V0-1-PNG-SCAVENGER-PROJECTILE-TECHNOLOGY-MACRO-MESO-MICRO-V0-1-4685A95E","concept_sketches/hive-earth-systems/scavenger-projectile-technology-macro-meso-micro-v0.1.png","scavenger-projectile-technology-macro-meso-micro-v0.1.png","concept","scavenger-projectile-technology-macro-meso-micro-v0.1.png","system-study-sheet","v0.1","","true",".png","3099822","4685A95E545DEAD39C2DA0A786CA6C00D4245CF40CDA2379D9BE60CBAF93EB64","1536","1024","","untracked","git","concept","production-reference","narrow-detail","non-canon","","author-review-required","summary","filesystem;manual-inference","The exploratory index explicitly marks this sheet early-stage and non-canon.","art/graphic_novel/concept_sketches/hive-earth-systems/README.md","","","","","","","","leave","concept_sketches/hive-earth-systems/scavenger-projectile-technology-macro-meso-micro-v0.1.png","",""
"2026-09-04","b24f2b55140833b0a1d56d54c2c1d46fcf479972","existing-file","GN-CONCEPT-INSTITUTIONS-COALITION-OF-THE-WILLING-CONCEPT","GN-CONCEPT-INSTITUTIONS-COALITION-OF-THE-WILLING-CONCEPT-CONCEPT-A-EDEC2A36","concept_sketches/institutions/coalition-of-the-willing/concept-a.png","concept-a.png","concept","coalition-of-the-willing","concept-sketch","A","concept-wishlist","true",".png","3498414","EDEC2A363382985C809921E6993F585C9F4AB9D4E78F2E1E1CDF8A9DBDD845D8","1536","1024","","tracked-clean","lfs","concept","production-reference","none","non-canon","","author-review-required","summary","filesystem;manual-inference","Concept directory and wishlist establish exploratory status; no promotion is inferred.","art/graphic_novel/concept_art_wishlist.md","","","","","","","","rename","concept_sketches/institutions/coalition-of-the-willing/coalition-of-the-willing-concept-a.png","",""
"2026-09-04","b24f2b55140833b0a1d56d54c2c1d46fcf479972","existing-file","GN-CONCEPT-INSTITUTIONS-COALITION-OF-THE-WILLING-CONCEPT","GN-CONCEPT-INSTITUTIONS-COALITION-OF-THE-WILLING-CONCEPT-CONCEPT-B-68E597B9","concept_sketches/institutions/coalition-of-the-willing/concept-b.png","concept-b.png","concept","coalition-of-the-willing","concept-sketch","B","concept-wishlist","true",".png","3957471","68E597B93D33F3853D45D2025A5FD87D6B85C8C5CF0AAA7B444B36195E61934C","1536","1024","","tracked-clean","lfs","concept","production-reference","none","non-canon","","author-review-required","summary","filesystem;manual-inference","Concept directory and wishlist establish exploratory status; no promotion is inferred.","art/graphic_novel/concept_art_wishlist.md","","","","","","","","rename","concept_sketches/institutions/coalition-of-the-willing/coalition-of-the-willing-concept-b.png","",""
"2026-09-04","b24f2b55140833b0a1d56d54c2c1d46fcf479972","existing-file","GN-CONCEPT-INSTITUTIONS-GREAT-UNION-CONCEPT","GN-CONCEPT-INSTITUTIONS-GREAT-UNION-CONCEPT-CONCEPT-A-061B3483","concept_sketches/institutions/great-union/concept-a.png","concept-a.png","concept","great-union","concept-sketch","A","concept-wishlist","true",".png","3895319","061B3483C352C743EA6569DB0231957E87860F5B3E6313B32DB1114FE17DDB53","1536","1024","","tracked-clean","lfs","concept","production-reference","none","non-canon","","author-review-required","summary","filesystem;manual-inference","Concept directory and wishlist establish exploratory status; no promotion is inferred.","art/graphic_novel/concept_art_wishlist.md","","","","","","","","rename","concept_sketches/institutions/great-union/great-union-concept-a.png","",""
"2026-09-04","b24f2b55140833b0a1d56d54c2c1d46fcf479972","existing-file","GN-CONCEPT-INSTITUTIONS-GREAT-UNION-CONCEPT","GN-CONCEPT-INSTITUTIONS-GREAT-UNION-CONCEPT-CONCEPT-B-82F31AAA","concept_sketches/institutions/great-union/concept-b.png","concept-b.png","concept","great-union","concept-sketch","B","concept-wishlist","true",".png","3697955","82F31AAA57E68CFCE14EB088511B6D4A50CAB5C0141A0FBC8BD1F1AC7211E1DB","1536","1024","","tracked-clean","lfs","concept","production-reference","none","non-canon","","author-review-required","summary","filesystem;manual-inference","Concept directory and wishlist establish exploratory status; no promotion is inferred.","art/graphic_novel/concept_art_wishlist.md","","","","","","","","rename","concept_sketches/institutions/great-union/great-union-concept-b.png","",""
"2026-09-04","b24f2b55140833b0a1d56d54c2c1d46fcf479972","existing-file","GN-CONCEPT-INSTITUTIONS-HUMAN-CONTINUITY-ARCHIVE-CONCEPT","GN-CONCEPT-INSTITUTIONS-HUMAN-CONTINUITY-ARCHIVE-CONCEPT-CONCEPT-A-B7433FE4","concept_sketches/institutions/human-continuity-archive/concept-a.png","concept-a.png","concept","human-continuity-archive","concept-sketch","A","concept-wishlist","true",".png","3561351","B7433FE4BACA141E0980ADF528163C84F4295AFB1AA342C5342D3F5DB95FEBEE","1536","1024","","tracked-clean","lfs","concept","production-reference","none","non-canon","","author-review-required","summary","filesystem;manual-inference","Concept directory and wishlist establish exploratory status; no promotion is inferred.","art/graphic_novel/concept_art_wishlist.md","","","","","","","","rename","concept_sketches/institutions/human-continuity-archive/human-continuity-archive-concept-a.png","",""
"2026-09-04","b24f2b55140833b0a1d56d54c2c1d46fcf479972","existing-file","GN-CONCEPT-INSTITUTIONS-HUMAN-CONTINUITY-ARCHIVE-CONCEPT","GN-CONCEPT-INSTITUTIONS-HUMAN-CONTINUITY-ARCHIVE-CONCEPT-CONCEPT-B-8C2BE03E","concept_sketches/institutions/human-continuity-archive/concept-b.png","concept-b.png","concept","human-continuity-archive","concept-sketch","B","concept-wishlist","true",".png","3685394","8C2BE03E65CFE2B6489E100B96BC10B8C280F6A630D33B64C4A439E5E18C3D7C","1536","1024","","tracked-clean","lfs","concept","production-reference","none","non-canon","","author-review-required","summary","filesystem;manual-inference","Concept directory and wishlist establish exploratory status; no promotion is inferred.","art/graphic_novel/concept_art_wishlist.md","","","","","","","","rename","concept_sketches/institutions/human-continuity-archive/human-continuity-archive-concept-b.png","",""
"2026-09-04","b24f2b55140833b0a1d56d54c2c1d46fcf479972","existing-file","GN-CONCEPT-INSTITUTIONS-MINORITY-WORLD-STATE-CONCEPT","GN-CONCEPT-INSTITUTIONS-MINORITY-WORLD-STATE-CONCEPT-CONCEPT-A-8D3A6546","concept_sketches/institutions/minority-world-state/concept-a.png","concept-a.png","concept","minority-world-state","concept-sketch","A","concept-wishlist","true",".png","3558909","8D3A6546FEA38897073BD3B53713302EDE9C7B992B4A71D71825E541401C44AC","1536","1024","","tracked-clean","lfs","concept","production-reference","none","non-canon","","author-review-required","summary","filesystem;manual-inference","Concept directory and wishlist establish exploratory status; no promotion is inferred.","art/graphic_novel/concept_art_wishlist.md","","","","","","","","rename","concept_sketches/institutions/minority-world-state/minority-world-state-concept-a.png","",""
"2026-09-04","b24f2b55140833b0a1d56d54c2c1d46fcf479972","existing-file","GN-CONCEPT-INSTITUTIONS-MINORITY-WORLD-STATE-CONCEPT","GN-CONCEPT-INSTITUTIONS-MINORITY-WORLD-STATE-CONCEPT-CONCEPT-B-703F9590","concept_sketches/institutions/minority-world-state/concept-b.png","concept-b.png","concept","minority-world-state","concept-sketch","B","concept-wishlist","true",".png","3801868","703F959043DFC8AF4D61CB7610293F6F6B1EB4ADCD12B97F6243539FDB7BBEE5","1536","1024","","tracked-clean","lfs","concept","production-reference","none","non-canon","","author-review-required","summary","filesystem;manual-inference","Concept directory and wishlist establish exploratory status; no promotion is inferred.","art/graphic_novel/concept_art_wishlist.md","","","","","","","","rename","concept_sketches/institutions/minority-world-state/minority-world-state-concept-b.png","",""
"2026-09-04","b24f2b55140833b0a1d56d54c2c1d46fcf479972","existing-file","GN-CONCEPT-INSTITUTIONS-REVERSIONIST-CONCEPT","GN-CONCEPT-INSTITUTIONS-REVERSIONIST-CONCEPT-CONCEPT-A-6D9226FF","concept_sketches/institutions/reversionist/concept-a.png","concept-a.png","concept","reversionist","concept-sketch","A","concept-wishlist","true",".png","3392389","6D9226FF41DFD56928E7AB81B945DC71346881C83282A808312C73704CA7B33F","1536","1024","","tracked-clean","lfs","concept","production-reference","none","non-canon","","author-review-required","summary","filesystem;manual-inference","Concept directory and wishlist establish exploratory status; no promotion is inferred.","art/graphic_novel/concept_art_wishlist.md","","","","","","","","rename","concept_sketches/institutions/reversionist/reversionist-concept-a.png","",""
"2026-09-04","b24f2b55140833b0a1d56d54c2c1d46fcf479972","existing-file","GN-CONCEPT-INSTITUTIONS-REVERSIONIST-CONCEPT","GN-CONCEPT-INSTITUTIONS-REVERSIONIST-CONCEPT-CONCEPT-B-E36C0209","concept_sketches/institutions/reversionist/concept-b.png","concept-b.png","concept","reversionist","concept-sketch","B","concept-wishlist","true",".png","3460317","E36C020948F32E4846A99CDDD4D68E35F5A36041006324AD6ECF68D20F8989E1","1536","1024","","tracked-clean","lfs","concept","production-reference","none","non-canon","","author-review-required","summary","filesystem;manual-inference","Concept directory and wishlist establish exploratory status; no promotion is inferred.","art/graphic_novel/concept_art_wishlist.md","","","","","","","","rename","concept_sketches/institutions/reversionist/reversionist-concept-b.png","",""
"2026-09-04","b24f2b55140833b0a1d56d54c2c1d46fcf479972","existing-file","GN-CONCEPT-INSTITUTIONS-STATES-OF-THE-GREAT-ANGEL-CONCEPT","GN-CONCEPT-INSTITUTIONS-STATES-OF-THE-GREAT-ANGEL-CONCEPT-CONCEPT-A-C4AC1BCB","concept_sketches/institutions/states-of-the-great-angel/concept-a.png","concept-a.png","concept","states-of-the-great-angel","concept-sketch","A","concept-wishlist","true",".png","3443332","C4AC1BCBD203235A0430AA90B0D2C6F5B3CDA2E335807128C45559293F1767E2","1536","1024","","tracked-clean","lfs","concept","production-reference","none","non-canon","","author-review-required","summary","filesystem;manual-inference","Concept directory and wishlist establish exploratory status; no promotion is inferred.","art/graphic_novel/concept_art_wishlist.md","","","","","","","","rename","concept_sketches/institutions/states-of-the-great-angel/states-of-the-great-angel-concept-a.png","",""
"2026-09-04","b24f2b55140833b0a1d56d54c2c1d46fcf479972","existing-file","GN-CONCEPT-INSTITUTIONS-STATES-OF-THE-GREAT-ANGEL-CONCEPT","GN-CONCEPT-INSTITUTIONS-STATES-OF-THE-GREAT-ANGEL-CONCEPT-CONCEPT-B-E4F24389","concept_sketches/institutions/states-of-the-great-angel/concept-b.png","concept-b.png","concept","states-of-the-great-angel","concept-sketch","B","concept-wishlist","true",".png","3775430","E4F243894729D86056161C25036C28D017771F10D77DCA2377B53F2A1360650F","1536","1024","","tracked-clean","lfs","concept","production-reference","none","non-canon","","author-review-required","summary","filesystem;manual-inference","Concept directory and wishlist establish exploratory status; no promotion is inferred.","art/graphic_novel/concept_art_wishlist.md","","","","","","","","rename","concept_sketches/institutions/states-of-the-great-angel/states-of-the-great-angel-concept-b.png","",""
"2026-09-04","b24f2b55140833b0a1d56d54c2c1d46fcf479972","existing-file","GN-CONCEPT-LOCATIONS-ALMELAH-CONCEPT","GN-CONCEPT-LOCATIONS-ALMELAH-CONCEPT-CONCEPT-A-24B3CDA9","concept_sketches/locations/almelah/concept-a.png","concept-a.png","concept","almelah","concept-sketch","A","concept-wishlist","true",".png","3725439","24B3CDA90C9B6714D66707342DC688C5D89ACC2DAAF386C895D36286EF3056C9","1536","1024","","tracked-clean","git","concept","production-reference","none","non-canon","","author-review-required","summary","filesystem;manual-inference","Concept directory and wishlist establish exploratory status; no promotion is inferred.","art/graphic_novel/concept_art_wishlist.md","","","","","","","","rename","concept_sketches/locations/almelah/almelah-concept-a.png","",""
"2026-09-04","b24f2b55140833b0a1d56d54c2c1d46fcf479972","existing-file","GN-CONCEPT-LOCATIONS-ALMELAH-CONCEPT","GN-CONCEPT-LOCATIONS-ALMELAH-CONCEPT-CONCEPT-B-217C8C6B","concept_sketches/locations/almelah/concept-b.png","concept-b.png","concept","almelah","concept-sketch","B","concept-wishlist","true",".png","3700369","217C8C6BB5AECA7FAE787956E352474E64D5A2E6642BE6DD21334C6E7295EB8A","1536","1024","","tracked-clean","git","concept","production-reference","none","non-canon","","author-review-required","summary","filesystem;manual-inference","Concept directory and wishlist establish exploratory status; no promotion is inferred.","art/graphic_novel/concept_art_wishlist.md","","","","","","","","rename","concept_sketches/locations/almelah/almelah-concept-b.png","",""
"2026-09-04","b24f2b55140833b0a1d56d54c2c1d46fcf479972","existing-file","GN-CONCEPT-LOCATIONS-ARKLINE-ARCOLOGIES-CONCEPT","GN-CONCEPT-LOCATIONS-ARKLINE-ARCOLOGIES-CONCEPT-CONCEPT-A-F4401707","concept_sketches/locations/arkline-arcologies/concept-a.png","concept-a.png","concept","arkline-arcologies","concept-sketch","A","concept-wishlist","true",".png","3211339","F4401707534227EDBD7795DB6A4E0C966B4FAC0BA13111337DDB8A12726889ED","1536","1024","","tracked-clean","git","concept","production-reference","none","non-canon","","author-review-required","summary","filesystem;manual-inference","Concept directory and wishlist establish exploratory status; no promotion is inferred.","art/graphic_novel/concept_art_wishlist.md","","","","","","","","rename","concept_sketches/locations/arkline-arcologies/arkline-arcologies-concept-a.png","",""
"2026-09-04","b24f2b55140833b0a1d56d54c2c1d46fcf479972","existing-file","GN-CONCEPT-LOCATIONS-ARKLINE-ARCOLOGIES-CONCEPT","GN-CONCEPT-LOCATIONS-ARKLINE-ARCOLOGIES-CONCEPT-CONCEPT-B-ACA93DB0","concept_sketches/locations/arkline-arcologies/concept-b.png","concept-b.png","concept","arkline-arcologies","concept-sketch","B","concept-wishlist","true",".png","3464338","ACA93DB0FD4A15472DF57CE2E098A1C3AF54135D5BED4BA93677DBC58F1264AC","1536","1024","","tracked-clean","git","concept","production-reference","none","non-canon","","author-review-required","summary","filesystem;manual-inference","Concept directory and wishlist establish exploratory status; no promotion is inferred.","art/graphic_novel/concept_art_wishlist.md","","","","","","","","rename","concept_sketches/locations/arkline-arcologies/arkline-arcologies-concept-b.png","",""
"2026-09-04","b24f2b55140833b0a1d56d54c2c1d46fcf479972","existing-file","GN-CONCEPT-LOCATIONS-BELOW-THE-MAP-CONCEPT","GN-CONCEPT-LOCATIONS-BELOW-THE-MAP-CONCEPT-CONCEPT-A-C8FEB96C","concept_sketches/locations/below-the-map/concept-a.png","concept-a.png","concept","below-the-map","concept-sketch","A","concept-wishlist","true",".png","3506844","C8FEB96CCC2F4B6A8997A0CB59035241DED9709600C258DE2A87E61DBAE4F2D4","1536","1024","","tracked-clean","git","concept","production-reference","none","non-canon","","author-review-required","summary","filesystem;manual-inference","Concept directory and wishlist establish exploratory status; no promotion is inferred.","art/graphic_novel/concept_art_wishlist.md","","","","","","","","rename","concept_sketches/locations/below-the-map/below-the-map-concept-a.png","",""
"2026-09-04","b24f2b55140833b0a1d56d54c2c1d46fcf479972","existing-file","GN-CONCEPT-LOCATIONS-BELOW-THE-MAP-CONCEPT","GN-CONCEPT-LOCATIONS-BELOW-THE-MAP-CONCEPT-CONCEPT-B-04872D3E","concept_sketches/locations/below-the-map/concept-b.png","concept-b.png","concept","below-the-map","concept-sketch","B","concept-wishlist","true",".png","3596683","04872D3E2AE103055F99FE1B3FA58E2A3F3E8C5678E941E469250114BAFB1E0B","1536","1024","","tracked-clean","git","concept","production-reference","none","non-canon","","author-review-required","summary","filesystem;manual-inference","Concept directory and wishlist establish exploratory status; no promotion is inferred.","art/graphic_novel/concept_art_wishlist.md","","","","","","","","rename","concept_sketches/locations/below-the-map/below-the-map-concept-b.png","",""
"2026-09-04","b24f2b55140833b0a1d56d54c2c1d46fcf479972","existing-file","GN-CONCEPT-LOCATIONS-EQUATORIAL-CORE-BELTS-CONCEPT","GN-CONCEPT-LOCATIONS-EQUATORIAL-CORE-BELTS-CONCEPT-CONCEPT-A-1A5A51B4","concept_sketches/locations/equatorial-core-belts/concept-a.png","concept-a.png","concept","equatorial-core-belts","concept-sketch","A","concept-wishlist","true",".png","3960470","1A5A51B4BDC0000D67FD71DE15F55DF230F308828926719C9B6E5A7F86646D5A","1536","1024","","tracked-clean","git","concept","production-reference","none","non-canon","","author-review-required","summary","filesystem;manual-inference","Concept directory and wishlist establish exploratory status; no promotion is inferred.","art/graphic_novel/concept_art_wishlist.md","","","","","","","","rename","concept_sketches/locations/equatorial-core-belts/equatorial-core-belts-concept-a.png","",""
"2026-09-04","b24f2b55140833b0a1d56d54c2c1d46fcf479972","existing-file","GN-CONCEPT-LOCATIONS-EQUATORIAL-CORE-BELTS-CONCEPT","GN-CONCEPT-LOCATIONS-EQUATORIAL-CORE-BELTS-CONCEPT-CONCEPT-B-F8C02109","concept_sketches/locations/equatorial-core-belts/concept-b.png","concept-b.png","concept","equatorial-core-belts","concept-sketch","B","concept-wishlist","true",".png","3492437","F8C02109D35D4AD19ED9938CBD2A6565811BA33400E5DCFE4505E701A067162E","1536","1024","","tracked-clean","git","concept","production-reference","none","non-canon","","author-review-required","summary","filesystem;manual-inference","Concept directory and wishlist establish exploratory status; no promotion is inferred.","art/graphic_novel/concept_art_wishlist.md","","","","","","","","rename","concept_sketches/locations/equatorial-core-belts/equatorial-core-belts-concept-b.png","",""
"2026-09-04","b24f2b55140833b0a1d56d54c2c1d46fcf479972","existing-file","GN-CONCEPT-LOCATIONS-HELIOS-DRIFT-CONCEPT","GN-CONCEPT-LOCATIONS-HELIOS-DRIFT-CONCEPT-CONCEPT-A-E4D679B9","concept_sketches/locations/helios-drift/concept-a.png","concept-a.png","concept","helios-drift","concept-sketch","A","concept-wishlist","true",".png","2793650","E4D679B990AC9DC8D25C1CFE2EC0FA512DEDC3062894D3CC30F74413583E4219","1536","1024","","tracked-clean","git","concept","production-reference","none","non-canon","","author-review-required","summary","filesystem;manual-inference","Concept directory and wishlist establish exploratory status; no promotion is inferred.","art/graphic_novel/concept_art_wishlist.md","","","","","","","","rename","concept_sketches/locations/helios-drift/helios-drift-concept-a.png","",""
"2026-09-04","b24f2b55140833b0a1d56d54c2c1d46fcf479972","existing-file","GN-CONCEPT-LOCATIONS-HELIOS-DRIFT-CONCEPT","GN-CONCEPT-LOCATIONS-HELIOS-DRIFT-CONCEPT-CONCEPT-B-C0436264","concept_sketches/locations/helios-drift/concept-b.png","concept-b.png","concept","helios-drift","concept-sketch","B","concept-wishlist","true",".png","4096770","C0436264873668BB37FB06C9C8836B1DF89B5F49EAD4929188C171B93157B66C","1536","1024","","tracked-clean","git","concept","production-reference","none","non-canon","","author-review-required","summary","filesystem;manual-inference","Concept directory and wishlist establish exploratory status; no promotion is inferred.","art/graphic_novel/concept_art_wishlist.md","","","","","","","","rename","concept_sketches/locations/helios-drift/helios-drift-concept-b.png","",""
"2026-09-04","b24f2b55140833b0a1d56d54c2c1d46fcf479972","existing-file","GN-CONCEPT-LOCATIONS-HIVE-EARTH-CONCEPT","GN-CONCEPT-LOCATIONS-HIVE-EARTH-CONCEPT-CONCEPT-A-19C7C2FA","concept_sketches/locations/hive-earth/concept-a.png","concept-a.png","concept","hive-earth","concept-sketch","A","concept-wishlist","true",".png","3805809","19C7C2FA1AC722E8910A8EDF17932BEAA0F4082CB8AC976E5CCD8AC46DB86D54","1536","1024","","tracked-clean","git","concept","production-reference","none","non-canon","","author-review-required","summary","filesystem;manual-inference","Concept directory and wishlist establish exploratory status; no promotion is inferred.","art/graphic_novel/concept_art_wishlist.md","","","","","","","","rename","concept_sketches/locations/hive-earth/hive-earth-concept-a.png","",""
"2026-09-04","b24f2b55140833b0a1d56d54c2c1d46fcf479972","existing-file","GN-CONCEPT-LOCATIONS-HIVE-EARTH-CONCEPT","GN-CONCEPT-LOCATIONS-HIVE-EARTH-CONCEPT-CONCEPT-B-DBB5509C","concept_sketches/locations/hive-earth/concept-b.png","concept-b.png","concept","hive-earth","concept-sketch","B","concept-wishlist","true",".png","3568075","DBB5509C20A5FFF3B9929017E595A73E8DBA7CD6DAA2B3167570DCC599F2F3EB","1536","1024","","tracked-clean","git","concept","production-reference","none","non-canon","","author-review-required","summary","filesystem;manual-inference","Concept directory and wishlist establish exploratory status; no promotion is inferred.","art/graphic_novel/concept_art_wishlist.md","","","","","","","","rename","concept_sketches/locations/hive-earth/hive-earth-concept-b.png","",""
"2026-09-04","b24f2b55140833b0a1d56d54c2c1d46fcf479972","existing-file","GN-CONCEPT-LOCATIONS-HIVE-SPINDLE-9-CONCEPT","GN-CONCEPT-LOCATIONS-HIVE-SPINDLE-9-CONCEPT-CONCEPT-A-1DBDFB45","concept_sketches/locations/hive-spindle-9/concept-a.png","concept-a.png","concept","hive-spindle-9","concept-sketch","A","concept-wishlist","true",".png","2841412","1DBDFB45BCBF7CF7CFEA9693EC4ED3A373A9B09C05E143AE207B1BB7314B2789","1536","1024","","tracked-clean","git","concept","production-reference","none","non-canon","","author-review-required","summary","filesystem;manual-inference","Concept directory and wishlist establish exploratory status; no promotion is inferred.","art/graphic_novel/concept_art_wishlist.md","","","","","","","","rename","concept_sketches/locations/hive-spindle-9/hive-spindle-9-concept-a.png","",""
"2026-09-04","b24f2b55140833b0a1d56d54c2c1d46fcf479972","existing-file","GN-CONCEPT-LOCATIONS-HIVE-SPINDLE-9-CONCEPT","GN-CONCEPT-LOCATIONS-HIVE-SPINDLE-9-CONCEPT-CONCEPT-B-C2B6FFAE","concept_sketches/locations/hive-spindle-9/concept-b.png","concept-b.png","concept","hive-spindle-9","concept-sketch","B","concept-wishlist","true",".png","3035908","C2B6FFAE569D5E35CBD4DEC9A28D45B8FBF0807E5373CEC8C524DABD09A22331","1536","1024","","tracked-clean","git","concept","production-reference","none","non-canon","","author-review-required","summary","filesystem;manual-inference","Concept directory and wishlist establish exploratory status; no promotion is inferred.","art/graphic_novel/concept_art_wishlist.md","","","","","","","","rename","concept_sketches/locations/hive-spindle-9/hive-spindle-9-concept-b.png","",""
"2026-09-04","b24f2b55140833b0a1d56d54c2c1d46fcf479972","existing-file","GN-CONCEPT-LOCATIONS-LANES-BETWEEN-SIGNALS-CONCEPT","GN-CONCEPT-LOCATIONS-LANES-BETWEEN-SIGNALS-CONCEPT-CONCEPT-A-7A2A9757","concept_sketches/locations/lanes-between-signals/concept-a.png","concept-a.png","concept","lanes-between-signals","concept-sketch","A","concept-wishlist","true",".png","3947423","7A2A975783CDA95EC719200C63918DBF222F2557EB4BDABCBA36A1DAD232DF0C","1536","1024","","tracked-clean","git","concept","production-reference","none","non-canon","","author-review-required","summary","filesystem;manual-inference","Concept directory and wishlist establish exploratory status; no promotion is inferred.","art/graphic_novel/concept_art_wishlist.md","","","","","","","","rename","concept_sketches/locations/lanes-between-signals/lanes-between-signals-concept-a.png","",""
"2026-09-04","b24f2b55140833b0a1d56d54c2c1d46fcf479972","existing-file","GN-CONCEPT-LOCATIONS-LANES-BETWEEN-SIGNALS-CONCEPT","GN-CONCEPT-LOCATIONS-LANES-BETWEEN-SIGNALS-CONCEPT-CONCEPT-B-054CB680","concept_sketches/locations/lanes-between-signals/concept-b.png","concept-b.png","concept","lanes-between-signals","concept-sketch","B","concept-wishlist","true",".png","4011098","054CB6805DC0BFCDD1844EFB53086E60FBCB6A2467404FA35B70AE21E4A05094","1536","1024","","tracked-clean","git","concept","production-reference","none","non-canon","","author-review-required","summary","filesystem;manual-inference","Concept directory and wishlist establish exploratory status; no promotion is inferred.","art/graphic_novel/concept_art_wishlist.md","","","","","","","","rename","concept_sketches/locations/lanes-between-signals/lanes-between-signals-concept-b.png","",""
"2026-09-04","b24f2b55140833b0a1d56d54c2c1d46fcf479972","existing-file","GN-CONCEPT-LOCATIONS-LOWER-GRID-CONCEPT","GN-CONCEPT-LOCATIONS-LOWER-GRID-CONCEPT-CONCEPT-A-C11125C4","concept_sketches/locations/lower-grid/concept-a.png","concept-a.png","concept","lower-grid","concept-sketch","A","concept-wishlist","true",".png","4079348","C11125C4D16437186134853FF39581471F3C77065ABD5B9941833593EA0E304D","1536","1024","","tracked-clean","git","concept","production-reference","none","non-canon","","author-review-required","summary","filesystem;manual-inference","Concept directory and wishlist establish exploratory status; no promotion is inferred.","art/graphic_novel/concept_art_wishlist.md","","","","","","","","rename","concept_sketches/locations/lower-grid/lower-grid-concept-a.png","",""
"2026-09-04","b24f2b55140833b0a1d56d54c2c1d46fcf479972","existing-file","GN-CONCEPT-LOCATIONS-LOWER-GRID-CONCEPT","GN-CONCEPT-LOCATIONS-LOWER-GRID-CONCEPT-CONCEPT-B-DD29F275","concept_sketches/locations/lower-grid/concept-b.png","concept-b.png","concept","lower-grid","concept-sketch","B","concept-wishlist","true",".png","3788506","DD29F2757101D5BEF92C49286A7E797FD126637ED381C0EC9A900C429D0A0605","1536","1024","","tracked-clean","git","concept","production-reference","none","non-canon","","author-review-required","summary","filesystem;manual-inference","Concept directory and wishlist establish exploratory status; no promotion is inferred.","art/graphic_novel/concept_art_wishlist.md","","","","","","","","rename","concept_sketches/locations/lower-grid/lower-grid-concept-b.png","",""
"2026-09-04","b24f2b55140833b0a1d56d54c2c1d46fcf479972","existing-file","GN-CONCEPT-LOCATIONS-PACIFIC-ARRAY-CONCEPT","GN-CONCEPT-LOCATIONS-PACIFIC-ARRAY-CONCEPT-CONCEPT-A-0AC9D567","concept_sketches/locations/pacific-array/concept-a.png","concept-a.png","concept","pacific-array","concept-sketch","A","concept-wishlist","true",".png","3232477","0AC9D567BEE03F907721F067BA38A340D5F7E68FF0EAAC6156AD62EBCE54A57C","1536","1024","","tracked-clean","git","concept","production-reference","none","non-canon","","author-review-required","summary","filesystem;manual-inference","Concept directory and wishlist establish exploratory status; no promotion is inferred.","art/graphic_novel/concept_art_wishlist.md","","","","","","","","rename","concept_sketches/locations/pacific-array/pacific-array-concept-a.png","",""
"2026-09-04","b24f2b55140833b0a1d56d54c2c1d46fcf479972","existing-file","GN-CONCEPT-LOCATIONS-PACIFIC-ARRAY-CONCEPT","GN-CONCEPT-LOCATIONS-PACIFIC-ARRAY-CONCEPT-CONCEPT-B-2071C27C","concept_sketches/locations/pacific-array/concept-b.png","concept-b.png","concept","pacific-array","concept-sketch","B","concept-wishlist","true",".png","3406980","2071C27C25C7519FF42B9A1A126A893E5AF1E5F1B104DCAD2FC3DCBCC5E8C6E5","1536","1024","","tracked-clean","git","concept","production-reference","none","non-canon","","author-review-required","summary","filesystem;manual-inference","Concept directory and wishlist establish exploratory status; no promotion is inferred.","art/graphic_novel/concept_art_wishlist.md","","","","","","","","rename","concept_sketches/locations/pacific-array/pacific-array-concept-b.png","",""
"2026-09-04","b24f2b55140833b0a1d56d54c2c1d46fcf479972","existing-file","GN-CONCEPT-LOCATIONS-POLAR-GRIDS-CONCEPT","GN-CONCEPT-LOCATIONS-POLAR-GRIDS-CONCEPT-CONCEPT-A-BBFB8907","concept_sketches/locations/polar-grids/concept-a.png","concept-a.png","concept","polar-grids","concept-sketch","A","concept-wishlist","true",".png","3107270","BBFB8907A81F343415A3659CE5844AA01BF9316744A3F159B9AB2F81F098DED4","1536","1024","","tracked-clean","git","concept","production-reference","none","non-canon","","author-review-required","summary","filesystem;manual-inference","Concept directory and wishlist establish exploratory status; no promotion is inferred.","art/graphic_novel/concept_art_wishlist.md","","","","","","","","rename","concept_sketches/locations/polar-grids/polar-grids-concept-a.png","",""
"2026-09-04","b24f2b55140833b0a1d56d54c2c1d46fcf479972","existing-file","GN-CONCEPT-LOCATIONS-POLAR-GRIDS-CONCEPT","GN-CONCEPT-LOCATIONS-POLAR-GRIDS-CONCEPT-CONCEPT-B-8436D3FB","concept_sketches/locations/polar-grids/concept-b.png","concept-b.png","concept","polar-grids","concept-sketch","B","concept-wishlist","true",".png","3319085","8436D3FB6D87E138E73D23CAFB28DD97580A5C470B017A4C66A59287F6311698","1536","1024","","tracked-clean","git","concept","production-reference","none","non-canon","","author-review-required","summary","filesystem;manual-inference","Concept directory and wishlist establish exploratory status; no promotion is inferred.","art/graphic_novel/concept_art_wishlist.md","","","","","","","","rename","concept_sketches/locations/polar-grids/polar-grids-concept-b.png","",""
"2026-09-04","b24f2b55140833b0a1d56d54c2c1d46fcf479972","existing-file","GN-CONCEPT-LOCATIONS-SPINDLE-1-CONCEPT","GN-CONCEPT-LOCATIONS-SPINDLE-1-CONCEPT-CONCEPT-A-82664F50","concept_sketches/locations/spindle-1/concept-a.png","concept-a.png","concept","spindle-1","concept-sketch","A","concept-wishlist","true",".png","3238972","82664F50F33755C708468BFFE76B0EE1FEE7E4A7381083761AD9925C7D87764D","1536","1024","","tracked-clean","git","concept","production-reference","none","non-canon","","author-review-required","summary","filesystem;manual-inference","Concept directory and wishlist establish exploratory status; no promotion is inferred.","art/graphic_novel/concept_art_wishlist.md","","","","","","","","rename","concept_sketches/locations/spindle-1/spindle-1-concept-a.png","",""
"2026-09-04","b24f2b55140833b0a1d56d54c2c1d46fcf479972","existing-file","GN-CONCEPT-LOCATIONS-SPINDLE-1-CONCEPT","GN-CONCEPT-LOCATIONS-SPINDLE-1-CONCEPT-CONCEPT-B-A4D6DEEA","concept_sketches/locations/spindle-1/concept-b.png","concept-b.png","concept","spindle-1","concept-sketch","B","concept-wishlist","true",".png","3835808","A4D6DEEA8604AC17B131ED74384955178C1831FD20199912121A35929F2F9080","1536","1024","","tracked-clean","git","concept","production-reference","none","non-canon","","author-review-required","summary","filesystem;manual-inference","Concept directory and wishlist establish exploratory status; no promotion is inferred.","art/graphic_novel/concept_art_wishlist.md","","","","","","","","rename","concept_sketches/locations/spindle-1/spindle-1-concept-b.png","",""
"2026-09-04","b24f2b55140833b0a1d56d54c2c1d46fcf479972","existing-file","GN-CONCEPT-LOCATIONS-SPINDLE-22-CONCEPT","GN-CONCEPT-LOCATIONS-SPINDLE-22-CONCEPT-CONCEPT-A-677CCE09","concept_sketches/locations/spindle-22/concept-a.png","concept-a.png","concept","spindle-22","concept-sketch","A","concept-wishlist","true",".png","3722194","677CCE09A3AA21D687428DA5E1B4F3AA8BA3E9EFF74EC3609307020C48D56C53","1536","1024","","tracked-clean","git","concept","production-reference","none","non-canon","","author-review-required","summary","filesystem;manual-inference","Concept directory and wishlist establish exploratory status; no promotion is inferred.","art/graphic_novel/concept_art_wishlist.md","","","","","","","","rename","concept_sketches/locations/spindle-22/spindle-22-concept-a.png","",""
"2026-09-04","b24f2b55140833b0a1d56d54c2c1d46fcf479972","existing-file","GN-CONCEPT-LOCATIONS-SPINDLE-22-CONCEPT","GN-CONCEPT-LOCATIONS-SPINDLE-22-CONCEPT-CONCEPT-B-1E3BAD16","concept_sketches/locations/spindle-22/concept-b.png","concept-b.png","concept","spindle-22","concept-sketch","B","concept-wishlist","true",".png","3492019","1E3BAD16BC5B55C9A097BE274C2A7CAAF68BC413449414E3B848F5E8180B1005","1536","1024","","tracked-clean","git","concept","production-reference","none","non-canon","","author-review-required","summary","filesystem;manual-inference","Concept directory and wishlist establish exploratory status; no promotion is inferred.","art/graphic_novel/concept_art_wishlist.md","","","","","","","","rename","concept_sketches/locations/spindle-22/spindle-22-concept-b.png","",""
"2026-09-04","b24f2b55140833b0a1d56d54c2c1d46fcf479972","existing-file","GN-CONCEPT-LOCATIONS-SPINDLE-31-CONCEPT","GN-CONCEPT-LOCATIONS-SPINDLE-31-CONCEPT-CONCEPT-A-AEB01657","concept_sketches/locations/spindle-31/concept-a.png","concept-a.png","concept","spindle-31","concept-sketch","A","concept-wishlist","true",".png","3633764","AEB016577E21E3B493BBCCCFC48F5A60BEF9E40B0DC5E473F0C8F556FB6585AE","1536","1024","","tracked-clean","git","concept","production-reference","none","non-canon","","author-review-required","summary","filesystem;manual-inference","Concept directory and wishlist establish exploratory status; no promotion is inferred.","art/graphic_novel/concept_art_wishlist.md","","","","","","","","rename","concept_sketches/locations/spindle-31/spindle-31-concept-a.png","",""
"2026-09-04","b24f2b55140833b0a1d56d54c2c1d46fcf479972","existing-file","GN-CONCEPT-LOCATIONS-SPINDLE-31-CONCEPT","GN-CONCEPT-LOCATIONS-SPINDLE-31-CONCEPT-CONCEPT-B-E687BF47","concept_sketches/locations/spindle-31/concept-b.png","concept-b.png","concept","spindle-31","concept-sketch","B","concept-wishlist","true",".png","3714008","E687BF4712EC81E88F9E7028E63F6DED4C736C0570A93385051E16B528D216A5","1536","1024","","tracked-clean","git","concept","production-reference","none","non-canon","","author-review-required","summary","filesystem;manual-inference","Concept directory and wishlist establish exploratory status; no promotion is inferred.","art/graphic_novel/concept_art_wishlist.md","","","","","","","","rename","concept_sketches/locations/spindle-31/spindle-31-concept-b.png","",""
"2026-09-04","b24f2b55140833b0a1d56d54c2c1d46fcf479972","existing-file","GN-CONCEPT-LOCATIONS-TYPE-1-EQUATORIAL-GEOTHERMAL-VENT-NETWORK-CONCEPT","GN-CONCEPT-LOCATIONS-TYPE-1-EQUATORIAL-GEOTHERMAL-VENT-NETWORK-CONCEPT-CONCEPT-A-38F155E1","concept_sketches/locations/type-1-equatorial-geothermal-vent-network/concept-a.png","concept-a.png","concept","type-1-equatorial-geothermal-vent-network","concept-sketch","A","concept-wishlist","true",".png","2958964","38F155E1C71D9037EA4F05FA45C5BF3614EC1CD1B735F7B6EC1C55435D733D3A","1536","1024","","tracked-clean","git","concept","production-reference","none","non-canon","","author-review-required","summary","filesystem;manual-inference","Concept directory and wishlist establish exploratory status; no promotion is inferred.","art/graphic_novel/concept_art_wishlist.md","","","","","","","","rename","concept_sketches/locations/type-1-equatorial-geothermal-vent-network/type-1-equatorial-geothermal-vent-network-concept-a.png","",""
"2026-09-04","b24f2b55140833b0a1d56d54c2c1d46fcf479972","existing-file","GN-CONCEPT-LOCATIONS-TYPE-1-EQUATORIAL-GEOTHERMAL-VENT-NETWORK-CONCEPT","GN-CONCEPT-LOCATIONS-TYPE-1-EQUATORIAL-GEOTHERMAL-VENT-NETWORK-CONCEPT-CONCEPT-B-FCD78418","concept_sketches/locations/type-1-equatorial-geothermal-vent-network/concept-b.png","concept-b.png","concept","type-1-equatorial-geothermal-vent-network","concept-sketch","B","concept-wishlist","true",".png","2639919","FCD78418751EC82456C508E39B9B17C7B8B8FBD2DECAE01FDC34FAAFCC0F5F87","1536","1024","","tracked-clean","git","concept","production-reference","none","non-canon","","author-review-required","summary","filesystem;manual-inference","Concept directory and wishlist establish exploratory status; no promotion is inferred.","art/graphic_novel/concept_art_wishlist.md","","","","","","","","rename","concept_sketches/locations/type-1-equatorial-geothermal-vent-network/type-1-equatorial-geothermal-vent-network-concept-b.png","",""
"2026-09-04","b24f2b55140833b0a1d56d54c2c1d46fcf479972","existing-file","GN-CONCEPT-TECHNOLOGY-CRYO-CAPABLE-AUGMENTATION-CONCEPT","GN-CONCEPT-TECHNOLOGY-CRYO-CAPABLE-AUGMENTATION-CONCEPT-CONCEPT-A-DFD07A02","concept_sketches/technology/cryo-capable-augmentation/concept-a.png","concept-a.png","concept","cryo-capable-augmentation","concept-sketch","A","concept-wishlist","true",".png","2027278","DFD07A026337A75945E3E13EBE10B78790FE5B1EE959DAD3993FFF0AA7FCB541","1536","1024","","tracked-clean","lfs","concept","production-reference","none","non-canon","","author-review-required","summary","filesystem;manual-inference","Concept directory and wishlist establish exploratory status; no promotion is inferred.","art/graphic_novel/concept_art_wishlist.md","","","","","","","","rename","concept_sketches/technology/cryo-capable-augmentation/cryo-capable-augmentation-concept-a.png","",""
"2026-09-04","b24f2b55140833b0a1d56d54c2c1d46fcf479972","existing-file","GN-CONCEPT-TECHNOLOGY-CRYO-CAPABLE-AUGMENTATION-CONCEPT","GN-CONCEPT-TECHNOLOGY-CRYO-CAPABLE-AUGMENTATION-CONCEPT-CONCEPT-B-A96AC4F6","concept_sketches/technology/cryo-capable-augmentation/concept-b.png","concept-b.png","concept","cryo-capable-augmentation","concept-sketch","B","concept-wishlist","true",".png","2972653","A96AC4F6C9292990124A82E3EC29EE3D9F7733A91C2C497BEA3D4F8C13CF00DD","1536","1024","","tracked-clean","lfs","concept","production-reference","none","non-canon","","author-review-required","summary","filesystem;manual-inference","Concept directory and wishlist establish exploratory status; no promotion is inferred.","art/graphic_novel/concept_art_wishlist.md","","","","","","","","rename","concept_sketches/technology/cryo-capable-augmentation/cryo-capable-augmentation-concept-b.png","",""
"2026-09-04","b24f2b55140833b0a1d56d54c2c1d46fcf479972","existing-file","GN-CONCEPT-TECHNOLOGY-HELION-CLASS-SCOUTCRAFT-CONCEPT","GN-CONCEPT-TECHNOLOGY-HELION-CLASS-SCOUTCRAFT-CONCEPT-CONCEPT-A-63AEF898","concept_sketches/technology/helion-class-scoutcraft/concept-a.png","concept-a.png","concept","helion-class-scoutcraft","concept-sketch","A","concept-wishlist","true",".png","1859340","63AEF8983D4E63F7095F23CBBAEA3359B4644F91C99E49DEE38455C693AB3B25","1536","1024","","tracked-clean","lfs","concept","production-reference","none","non-canon","","author-review-required","summary","filesystem;manual-inference","Concept directory and wishlist establish exploratory status; no promotion is inferred.","art/graphic_novel/concept_art_wishlist.md","","","","","","","","rename","concept_sketches/technology/helion-class-scoutcraft/helion-class-scoutcraft-concept-a.png","",""
"2026-09-04","b24f2b55140833b0a1d56d54c2c1d46fcf479972","existing-file","GN-CONCEPT-TECHNOLOGY-HELION-CLASS-SCOUTCRAFT-CONCEPT","GN-CONCEPT-TECHNOLOGY-HELION-CLASS-SCOUTCRAFT-CONCEPT-CONCEPT-B-55435FA8","concept_sketches/technology/helion-class-scoutcraft/concept-b.png","concept-b.png","concept","helion-class-scoutcraft","concept-sketch","B","concept-wishlist","true",".png","2693883","55435FA83D8B7EBEA3F35B05E943041D7D64B25D31129AFFADE4A5DDF576A858","1536","1024","","tracked-clean","lfs","concept","production-reference","none","non-canon","","author-review-required","summary","filesystem;manual-inference","Concept directory and wishlist establish exploratory status; no promotion is inferred.","art/graphic_novel/concept_art_wishlist.md","","","","","","","","rename","concept_sketches/technology/helion-class-scoutcraft/helion-class-scoutcraft-concept-b.png","",""
"2026-09-04","b24f2b55140833b0a1d56d54c2c1d46fcf479972","existing-file","GN-CONCEPT-TECHNOLOGY-HYPERSPACE-GATE-CONCEPT","GN-CONCEPT-TECHNOLOGY-HYPERSPACE-GATE-CONCEPT-CONCEPT-A-A69AE0AE","concept_sketches/technology/hyperspace-gate/concept-a.png","concept-a.png","concept","hyperspace-gate","concept-sketch","A","concept-wishlist","true",".png","2518499","A69AE0AE9ADDF139B0B60BB4166D450221362274D1CCD693A5C6FBC9DBBD2487","1536","1024","","tracked-clean","lfs","concept","production-reference","none","non-canon","","author-review-required","summary","filesystem;manual-inference","Concept directory and wishlist establish exploratory status; no promotion is inferred.","art/graphic_novel/concept_art_wishlist.md","","","","","","","","rename","concept_sketches/technology/hyperspace-gate/hyperspace-gate-concept-a.png","",""
"2026-09-04","b24f2b55140833b0a1d56d54c2c1d46fcf479972","existing-file","GN-CONCEPT-TECHNOLOGY-HYPERSPACE-GATE-CONCEPT","GN-CONCEPT-TECHNOLOGY-HYPERSPACE-GATE-CONCEPT-CONCEPT-B-D7C21223","concept_sketches/technology/hyperspace-gate/concept-b.png","concept-b.png","concept","hyperspace-gate","concept-sketch","B","concept-wishlist","true",".png","2667343","D7C21223B73AA4FB41587ED9332DA5748D9E5CAF709A6F467362E57525237A98","1536","1024","","tracked-clean","lfs","concept","production-reference","none","non-canon","","author-review-required","summary","filesystem;manual-inference","Concept directory and wishlist establish exploratory status; no promotion is inferred.","art/graphic_novel/concept_art_wishlist.md","","","","","","","","rename","concept_sketches/technology/hyperspace-gate/hyperspace-gate-concept-b.png","",""
"2026-09-04","b24f2b55140833b0a1d56d54c2c1d46fcf479972","existing-file","GN-CONCEPT-TECHNOLOGY-LINGUISTIC-INTERFACE-CONCEPT","GN-CONCEPT-TECHNOLOGY-LINGUISTIC-INTERFACE-CONCEPT-CONCEPT-A-DB782072","concept_sketches/technology/linguistic-interface/concept-a.png","concept-a.png","concept","linguistic-interface","concept-sketch","A","concept-wishlist","true",".png","2588480","DB782072FAB9A642B45889428478661D10B92806A6D74CC8DF732969BD5D6CEF","1536","1024","","tracked-clean","lfs","concept","production-reference","none","non-canon","","author-review-required","summary","filesystem;manual-inference","Concept directory and wishlist establish exploratory status; no promotion is inferred.","art/graphic_novel/concept_art_wishlist.md","","","","","","","","rename","concept_sketches/technology/linguistic-interface/linguistic-interface-concept-a.png","",""
"2026-09-04","b24f2b55140833b0a1d56d54c2c1d46fcf479972","existing-file","GN-CONCEPT-TECHNOLOGY-LINGUISTIC-INTERFACE-CONCEPT","GN-CONCEPT-TECHNOLOGY-LINGUISTIC-INTERFACE-CONCEPT-CONCEPT-B-E055663B","concept_sketches/technology/linguistic-interface/concept-b.png","concept-b.png","concept","linguistic-interface","concept-sketch","B","concept-wishlist","true",".png","3531255","E055663B2ABE9AA3F85220EC69B9DC73893E6D6DBE1320EC358305A59A0A9EDD","1536","1024","","tracked-clean","lfs","concept","production-reference","none","non-canon","","author-review-required","summary","filesystem;manual-inference","Concept directory and wishlist establish exploratory status; no promotion is inferred.","art/graphic_novel/concept_art_wishlist.md","","","","","","","","rename","concept_sketches/technology/linguistic-interface/linguistic-interface-concept-b.png","",""
"2026-09-04","b24f2b55140833b0a1d56d54c2c1d46fcf479972","existing-file","GN-CONCEPT-TECHNOLOGY-PASSIVE-FILAMENT-TRACKER-CONCEPT","GN-CONCEPT-TECHNOLOGY-PASSIVE-FILAMENT-TRACKER-CONCEPT-CONCEPT-A-293FB556","concept_sketches/technology/passive-filament-tracker/concept-a.png","concept-a.png","concept","passive-filament-tracker","concept-sketch","A","concept-wishlist","true",".png","2314391","293FB556CD1B2DB01355B2990712D24351CC439E151FC8B26E62AB673F4C0519","1536","1024","","tracked-clean","lfs","concept","production-reference","none","non-canon","","author-review-required","summary","filesystem;manual-inference","Concept directory and wishlist establish exploratory status; no promotion is inferred.","art/graphic_novel/concept_art_wishlist.md","","","","","","","","rename","concept_sketches/technology/passive-filament-tracker/passive-filament-tracker-concept-a.png","",""
"2026-09-04","b24f2b55140833b0a1d56d54c2c1d46fcf479972","existing-file","GN-CONCEPT-TECHNOLOGY-PASSIVE-FILAMENT-TRACKER-CONCEPT","GN-CONCEPT-TECHNOLOGY-PASSIVE-FILAMENT-TRACKER-CONCEPT-CONCEPT-B-F74EDF87","concept_sketches/technology/passive-filament-tracker/concept-b.png","concept-b.png","concept","passive-filament-tracker","concept-sketch","B","concept-wishlist","true",".png","2416473","F74EDF8790E646D5CCBE79AFC911BF8ADD09E1FF48BE5F88D2A28F800E137D36","1536","1024","","tracked-clean","lfs","concept","production-reference","none","non-canon","","author-review-required","summary","filesystem;manual-inference","Concept directory and wishlist establish exploratory status; no promotion is inferred.","art/graphic_novel/concept_art_wishlist.md","","","","","","","","rename","concept_sketches/technology/passive-filament-tracker/passive-filament-tracker-concept-b.png","",""
"2026-09-04","b24f2b55140833b0a1d56d54c2c1d46fcf479972","existing-file","GN-CONCEPT-TECHNOLOGY-QUANTUM-ENTANGLEMENT-RELAY-CONCEPT","GN-CONCEPT-TECHNOLOGY-QUANTUM-ENTANGLEMENT-RELAY-CONCEPT-CONCEPT-A-28FDF074","concept_sketches/technology/quantum-entanglement-relay/concept-a.png","concept-a.png","concept","quantum-entanglement-relay","concept-sketch","A","concept-wishlist","true",".png","2190920","28FDF07470EA7D1FD41376FDBBE741B07EBDF70248396EC08E32E97C3521D557","1536","1024","","tracked-clean","lfs","concept","production-reference","none","non-canon","","author-review-required","summary","filesystem;manual-inference","Concept directory and wishlist establish exploratory status; no promotion is inferred.","art/graphic_novel/concept_art_wishlist.md","","","","","","","","rename","concept_sketches/technology/quantum-entanglement-relay/quantum-entanglement-relay-concept-a.png","",""
"2026-09-04","b24f2b55140833b0a1d56d54c2c1d46fcf479972","existing-file","GN-CONCEPT-TECHNOLOGY-QUANTUM-ENTANGLEMENT-RELAY-CONCEPT","GN-CONCEPT-TECHNOLOGY-QUANTUM-ENTANGLEMENT-RELAY-CONCEPT-CONCEPT-B-13786EFA","concept_sketches/technology/quantum-entanglement-relay/concept-b.png","concept-b.png","concept","quantum-entanglement-relay","concept-sketch","B","concept-wishlist","true",".png","2222079","13786EFAB3F875F6F09FAFF3F39EA160DD8304FF189AACC65805C75C928AD6EC","1536","1024","","tracked-clean","lfs","concept","production-reference","none","non-canon","","author-review-required","summary","filesystem;manual-inference","Concept directory and wishlist establish exploratory status; no promotion is inferred.","art/graphic_novel/concept_art_wishlist.md","","","","","","","","rename","concept_sketches/technology/quantum-entanglement-relay/quantum-entanglement-relay-concept-b.png","",""
"2026-09-04","b24f2b55140833b0a1d56d54c2c1d46fcf479972","existing-file","GN-DOC-DIALOGUE-CORRECTION-TODO","GN-DOC-DIALOGUE-CORRECTION-TODO-CURRENT-B8BCA9A8","dialogue_correction_todo.md","dialogue_correction_todo.md","governance","dialogue_correction_todo","production-record","","","true",".md","11844","B8BCA9A88417586FA11932A88C42AED078E6BD84ED4A5EA3CED2A1F7C083C762","","","","tracked-clean","git","approved","record","none","not-applicable","","settled","","filesystem;manual-inference","Document role is inferred from its location, title, and declared status.","","","","","","","","","leave","dialogue_correction_todo.md","",""
"2026-09-04","b24f2b55140833b0a1d56d54c2c1d46fcf479972","existing-file","GN-EXP-KORIN-OFFICE-MEDITATION-STUDY-01-ARCHITECTURAL-ISOLATION","GN-EXP-KORIN-OFFICE-MEDITATION-STUDY-01-ARCHITECTURAL-ISOLATION-STUDY-01-ARCHITECTURAL-ISOLATION-27517271","experiments/korin-office-meditation/assets/study-01-architectural-isolation.png","study-01-architectural-isolation.png","experiment","korin-office-meditation","image","","","true",".png","2440897","2751727123B20C929E8747010A887D4D61D56124A520A32E76ABC228A91C8BBC","1024","1536","","tracked-clean","git","experiment","production-reference","contextual-environment","non-canon","","deferred","summary","filesystem;manual-inference","Experiment path establishes lifecycle; any production use is recorded separately rather than treated as promotion.","art/graphic_novel/experiments/visual-language-hierarchy/experiment-report.md","","","","","","","","leave","experiments/korin-office-meditation/assets/study-01-architectural-isolation.png","",""
"2026-09-04","b24f2b55140833b0a1d56d54c2c1d46fcf479972","existing-file","GN-EXP-KORIN-OFFICE-MEDITATION-STUDY-02-PARTIAL-FACE","GN-EXP-KORIN-OFFICE-MEDITATION-STUDY-02-PARTIAL-FACE-STUDY-02-PARTIAL-FACE-F09E76C5","experiments/korin-office-meditation/assets/study-02-partial-face.png","study-02-partial-face.png","experiment","korin-office-meditation","image","","","true",".png","2303485","F09E76C54E49BEE6ACDAFB2D038636CC0A89A0F891668D95C54AF73CE398C33E","1024","1536","","tracked-clean","git","approved","production-reference","narrow-detail","non-canon","Style Reference","settled","summary","filesystem;manual-inference;registry","Experiment path establishes lifecycle; any production use is recorded separately rather than treated as promotion.","art/graphic_novel/asset_registry.md;art/graphic_novel/experiments/visual-language-hierarchy/experiment-report.md","Focused character material-coherence corrections","","","","","","","leave","experiments/korin-office-meditation/assets/study-02-partial-face.png","",""
"2026-09-04","b24f2b55140833b0a1d56d54c2c1d46fcf479972","existing-file","GN-EXP-KORIN-OFFICE-MEDITATION-STUDY-03-RAIN-REFLECTION","GN-EXP-KORIN-OFFICE-MEDITATION-STUDY-03-RAIN-REFLECTION-STUDY-03-RAIN-REFLECTION-412CDAB6","experiments/korin-office-meditation/assets/study-03-rain-reflection.png","study-03-rain-reflection.png","experiment","korin-office-meditation","image","","","true",".png","2430926","412CDAB6A82C2245FB179B54C15BB49157069BD973E9DFBFC6D68EC687B69BA5","1024","1536","","tracked-clean","git","experiment","production-reference","contextual-environment","non-canon","","deferred","summary","filesystem;manual-inference","Experiment path establishes lifecycle; any production use is recorded separately rather than treated as promotion.","art/graphic_novel/experiments/visual-language-hierarchy/experiment-report.md","","","","","","","","leave","experiments/korin-office-meditation/assets/study-03-rain-reflection.png","",""
"2026-09-04","b24f2b55140833b0a1d56d54c2c1d46fcf479972","existing-file","GN-EXP-KORIN-OFFICE-MEDITATION-VARIANT-01-THE-ROOM","GN-EXP-KORIN-OFFICE-MEDITATION-VARIANT-01-THE-ROOM-VARIANT-01-THE-ROOM-E4A6808D","experiments/korin-office-meditation/assets/variant-01-the-room.png","variant-01-the-room.png","experiment","korin-office-meditation","image","","","true",".png","2296346","E4A6808DEBA50F97C1B0EDE707E85750993702780FB5DAFB334E0316BEFDC66F","1024","1536","","tracked-clean","git","experiment","production-reference","contextual-environment","non-canon","","deferred","summary","filesystem;manual-inference","Experiment path establishes lifecycle; any production use is recorded separately rather than treated as promotion.","art/graphic_novel/experiments/visual-language-hierarchy/experiment-report.md","","","","","","","","leave","experiments/korin-office-meditation/assets/variant-01-the-room.png","",""
"2026-09-04","b24f2b55140833b0a1d56d54c2c1d46fcf479972","existing-file","GN-EXP-KORIN-OFFICE-MEDITATION-VARIANT-02-THE-MIND","GN-EXP-KORIN-OFFICE-MEDITATION-VARIANT-02-THE-MIND-VARIANT-02-THE-MIND-7FD58869","experiments/korin-office-meditation/assets/variant-02-the-mind.png","variant-02-the-mind.png","experiment","korin-office-meditation","image","","","true",".png","2183170","7FD58869CF9F1247F5C265800BBEF47A7BDD2C6CDC29C30A517AEA0BFDE5474F","1024","1536","","tracked-clean","git","experiment","production-reference","contextual-environment","non-canon","","deferred","summary","filesystem;manual-inference","Experiment path establishes lifecycle; any production use is recorded separately rather than treated as promotion.","art/graphic_novel/experiments/visual-language-hierarchy/experiment-report.md","","","","","","","","leave","experiments/korin-office-meditation/assets/variant-02-the-mind.png","",""
"2026-09-04","b24f2b55140833b0a1d56d54c2c1d46fcf479972","existing-file","GN-EXP-KORIN-OFFICE-MEDITATION-VARIANT-03-THE-RAIN","GN-EXP-KORIN-OFFICE-MEDITATION-VARIANT-03-THE-RAIN-VARIANT-03-THE-RAIN-6C662516","experiments/korin-office-meditation/assets/variant-03-the-rain.png","variant-03-the-rain.png","experiment","korin-office-meditation","image","","","true",".png","2598113","6C662516B7E486FF14B276C3AD94E6A98B5422EBC30C8D4AA8D6CFFF9318F893","1024","1536","","tracked-clean","git","experiment","production-reference","contextual-environment","non-canon","","deferred","summary","filesystem;manual-inference","Experiment path establishes lifecycle; any production use is recorded separately rather than treated as promotion.","art/graphic_novel/experiments/visual-language-hierarchy/experiment-report.md","","","","","","proofs/volume_01_the_return/sequence/009-story.png","","leave","experiments/korin-office-meditation/assets/variant-03-the-rain.png","",""
"2026-09-04","b24f2b55140833b0a1d56d54c2c1d46fcf479972","existing-file","GN-EXP-KORIN-OFFICE-MEDITATION-LETTERING-SPEC","GN-EXP-KORIN-OFFICE-MEDITATION-LETTERING-SPEC-CURRENT-B13CDA67","experiments/korin-office-meditation/lettering-spec.md","lettering-spec.md","experiment","korin-office-meditation","lettering-specification","","","true",".md","821","B13CDA67B44A97E40551C4FE2903880145F7704E8453585A5B981AEF653430CF","","","","tracked-clean","git","experiment","record","none","not-applicable","","deferred","","filesystem;manual-inference","Experiment path establishes lifecycle; any production use is recorded separately rather than treated as promotion.","art/graphic_novel/experiments/visual-language-hierarchy/experiment-report.md","","","","","","","","leave","experiments/korin-office-meditation/lettering-spec.md","",""
"2026-09-04","b24f2b55140833b0a1d56d54c2c1d46fcf479972","existing-file","GN-EXP-KORIN-OFFICE-MEDITATION-VISUAL-BRIEF","GN-EXP-KORIN-OFFICE-MEDITATION-VISUAL-BRIEF-CURRENT-3DB3639E","experiments/korin-office-meditation/visual-brief.md","visual-brief.md","experiment","korin-office-meditation","visual-brief","","","true",".md","4022","3DB3639EDE1E588536E42F0D858A2BC406E6F02733AC92101A465A6DD2FEDE28","","","","tracked-modified","git","experiment","record","none","not-applicable","","deferred","","filesystem;manual-inference","Experiment path establishes lifecycle; any production use is recorded separately rather than treated as promotion.","art/graphic_novel/experiments/visual-language-hierarchy/experiment-report.md","","","","","","","","leave","experiments/korin-office-meditation/visual-brief.md","",""
"2026-09-04","b24f2b55140833b0a1d56d54c2c1d46fcf479972","existing-file","GN-EXP-VISUAL-LANGUAGE-HIERARCHY-ACCEPTED-ASSETS-BEFORE","GN-EXP-VISUAL-LANGUAGE-HIERARCHY-ACCEPTED-ASSETS-BEFORE-CURRENT-9DC409B9","experiments/visual-language-hierarchy/accepted-assets-before.sha256","accepted-assets-before.sha256","experiment","visual-language-hierarchy","hash-manifest","","","true",".sha256","1318","9DC409B9247B0016A71E513E174334E532B1B2ECD0684484494D0FB7B04F0CB5","","","","tracked-clean","git","experiment","record","none","not-applicable","","deferred","","filesystem;manual-inference","Experiment path establishes lifecycle; any production use is recorded separately rather than treated as promotion.","art/graphic_novel/experiments/visual-language-hierarchy/experiment-report.md","","","","","","","","leave","experiments/visual-language-hierarchy/accepted-assets-before.sha256","",""
"2026-09-04","b24f2b55140833b0a1d56d54c2c1d46fcf479972","existing-file","GN-EXP-VISUAL-LANGUAGE-HIERARCHY-CHAPTER-13-SOFT-EDGE-PAGE-01-CONTEXTUAL-MATERIAL-REFINEMENT-PERSPECTIVE-V2","GN-EXP-VISUAL-LANGUAGE-HIERARCHY-CHAPTER-13-SOFT-EDGE-PAGE-01-CONTEXTUAL-MATERIAL-REFINEMENT-PERSPECTIVE-V2-CHAPTER-13-SOFT-EDGE-PAGE-01-CONTEXTUAL-MATERIAL-REFINEMENT-PERSPECTIVE-V2-6B2EAF41","experiments/visual-language-hierarchy/assets/chapter_13_soft_edge-page-01-contextual-material-refinement-perspective-v2.png","chapter_13_soft_edge-page-01-contextual-material-refinement-perspective-v2.png","experiment","visual-language-hierarchy","image","","","true",".png","2874034","6B2EAF4107ED86E4AD76AA57A2A063CFA7F4613AF6E3F05682C5547E4AB46CB8","1024","1536","","untracked","lfs","experiment","source;production-reference","contextual-environment","non-canon","Gated PF1-014; immutable Phase 1 source A17","dependency-blocked","full","filesystem;phase1-log","PF1-014 has no generated correction candidate; this remains its immutable experimental input.","art/graphic_novel/PHASE_1_CANDIDATE_REVIEW_LOG_2026-09-01.md","","","","","","","","leave","experiments/visual-language-hierarchy/assets/chapter_13_soft_edge-page-01-contextual-material-refinement-perspective-v2.png","PF1-006 v7 author approval and PF1-014 generation",""
"2026-09-04","b24f2b55140833b0a1d56d54c2c1d46fcf479972","existing-file","GN-EXP-VISUAL-LANGUAGE-HIERARCHY-CHAPTER-13-SOFT-EDGE-PAGE-01-CONTEXTUAL-MATERIAL-REFINEMENT-TEST","GN-EXP-VISUAL-LANGUAGE-HIERARCHY-CHAPTER-13-SOFT-EDGE-PAGE-01-CONTEXTUAL-MATERIAL-REFINEMENT-TEST-CHAPTER-13-SOFT-EDGE-PAGE-01-CONTEXTUAL-MATERIAL-REFINEMENT-TEST-8626E28E","experiments/visual-language-hierarchy/assets/chapter_13_soft_edge-page-01-contextual-material-refinement-test.png","chapter_13_soft_edge-page-01-contextual-material-refinement-test.png","experiment","visual-language-hierarchy","image","","","true",".png","3056134","8626E28EA7470E4A47D355F974432AF44799EAB9A5E03EA1D28DE7F5C9B817F5","1024","1536","","untracked","lfs","experiment","production-reference","contextual-environment","non-canon","","deferred","full","filesystem;manual-inference","Experiment path establishes lifecycle; any production use is recorded separately rather than treated as promotion.","art/graphic_novel/experiments/visual-language-hierarchy/experiment-report.md","","","","","","","","leave","experiments/visual-language-hierarchy/assets/chapter_13_soft_edge-page-01-contextual-material-refinement-test.png","",""
"2026-09-04","b24f2b55140833b0a1d56d54c2c1d46fcf479972","existing-file","GN-EXP-VISUAL-LANGUAGE-HIERARCHY-CHAPTER-13-SOFT-EDGE-PAGE-01-CONTEXTUAL","GN-EXP-VISUAL-LANGUAGE-HIERARCHY-CHAPTER-13-SOFT-EDGE-PAGE-01-CONTEXTUAL-CHAPTER-13-SOFT-EDGE-PAGE-01-CONTEXTUAL-5BC6159A","experiments/visual-language-hierarchy/assets/chapter_13_soft_edge-page-01-contextual.png","chapter_13_soft_edge-page-01-contextual.png","experiment","visual-language-hierarchy","image","","","true",".png","3227731","5BC6159A92A863C55D6F040D396B93E0FC2763E18650C3020F0B8E3D182957B3","1024","1536","","tracked-clean","lfs","experiment","production-reference","contextual-environment","non-canon","","deferred","full","filesystem;manual-inference","Experiment path establishes lifecycle; any production use is recorded separately rather than treated as promotion.","art/graphic_novel/experiments/visual-language-hierarchy/experiment-report.md","","","","","","","","leave","experiments/visual-language-hierarchy/assets/chapter_13_soft_edge-page-01-contextual.png","",""
"2026-09-04","b24f2b55140833b0a1d56d54c2c1d46fcf479972","existing-file","GN-EXP-VISUAL-LANGUAGE-HIERARCHY-CHAPTER-14-BROKEN-CLINIC-PAGE-01-CONTEXTUAL-MATERIAL-REFINEMENT-TEST","GN-EXP-VISUAL-LANGUAGE-HIERARCHY-CHAPTER-14-BROKEN-CLINIC-PAGE-01-CONTEXTUAL-MATERIAL-REFINEMENT-TEST-CHAPTER-14-BROKEN-CLINIC-PAGE-01-CONTEXTUAL-MATERIAL-REFINEMENT-TEST-6228C007","experiments/visual-language-hierarchy/assets/chapter_14_broken_clinic-page-01-contextual-material-refinement-test.png","chapter_14_broken_clinic-page-01-contextual-material-refinement-test.png","experiment","visual-language-hierarchy","image","","","true",".png","2651710","6228C00772174071036D910AADEFD486C70231B118BD0BCCC720E7D26714C97D","1024","1536","","untracked","lfs","experiment","production-reference","contextual-environment","non-canon","","deferred","full","filesystem;manual-inference","Experiment path establishes lifecycle; any production use is recorded separately rather than treated as promotion.","art/graphic_novel/experiments/visual-language-hierarchy/experiment-report.md","","","","","","","","leave","experiments/visual-language-hierarchy/assets/chapter_14_broken_clinic-page-01-contextual-material-refinement-test.png","",""
"2026-09-04","b24f2b55140833b0a1d56d54c2c1d46fcf479972","existing-file","GN-EXP-VISUAL-LANGUAGE-HIERARCHY-CHAPTER-14-BROKEN-CLINIC-PAGE-01-CONTEXTUAL","GN-EXP-VISUAL-LANGUAGE-HIERARCHY-CHAPTER-14-BROKEN-CLINIC-PAGE-01-CONTEXTUAL-PF1-V01-DE7EA112","experiments/visual-language-hierarchy/assets/chapter_14_broken_clinic-page-01-contextual-phase1-refinement-v1.png","chapter_14_broken_clinic-page-01-contextual-phase1-refinement-v1.png","experiment","visual-language-hierarchy","image","v1","phase-1","true",".png","2507985","DE7EA112FCD158C7B947CFC1A276463F75D1F9CA853E8B076D3765CDB3F9EC3E","1024","1536","","untracked","lfs","superseded","production-reference","contextual-environment","non-canon","Superseded treatment-anatomy candidate","settled","summary","filesystem;manual-inference;phase1-log","Experiment path establishes lifecycle; any production use is recorded separately rather than treated as promotion.","art/graphic_novel/experiments/visual-language-hierarchy/experiment-report.md;art/graphic_novel/PHASE_1_CANDIDATE_REVIEW_LOG_2026-09-01.md","","chapter_01_wakeup/continuity-sheet-phase1-refinement-v2.png","experiments/visual-language-hierarchy/assets/chapter_14_broken_clinic-page-01-contextual.png","","","","","leave","experiments/visual-language-hierarchy/assets/chapter_14_broken_clinic-page-01-contextual-phase1-refinement-v1.png","",""
"2026-09-04","b24f2b55140833b0a1d56d54c2c1d46fcf479972","existing-file","GN-EXP-VISUAL-LANGUAGE-HIERARCHY-CHAPTER-14-BROKEN-CLINIC-PAGE-01-CONTEXTUAL","GN-EXP-VISUAL-LANGUAGE-HIERARCHY-CHAPTER-14-BROKEN-CLINIC-PAGE-01-CONTEXTUAL-PF1-V02-D9519EED","experiments/visual-language-hierarchy/assets/chapter_14_broken_clinic-page-01-contextual-phase1-refinement-v2.png","chapter_14_broken_clinic-page-01-contextual-phase1-refinement-v2.png","experiment","visual-language-hierarchy","image","v2","phase-1","true",".png","2385997","D9519EED1709336488C5FEC4241CD7340898A9F3745869C38766FAEC6C9034E4","1024","1536","","untracked","lfs","candidate","production-reference","contextual-environment","non-canon","Candidate review predecessor","deferred","summary","filesystem;manual-inference;phase1-log","Experiment path establishes lifecycle; any production use is recorded separately rather than treated as promotion.","art/graphic_novel/experiments/visual-language-hierarchy/experiment-report.md;art/graphic_novel/PHASE_1_CANDIDATE_REVIEW_LOG_2026-09-01.md","","chapter_01_wakeup/continuity-sheet-phase1-refinement-v2.png","experiments/visual-language-hierarchy/assets/chapter_14_broken_clinic-page-01-contextual.png","","","","","leave","experiments/visual-language-hierarchy/assets/chapter_14_broken_clinic-page-01-contextual-phase1-refinement-v2.png","",""
"2026-09-04","b24f2b55140833b0a1d56d54c2c1d46fcf479972","existing-file","GN-EXP-VISUAL-LANGUAGE-HIERARCHY-CHAPTER-14-BROKEN-CLINIC-PAGE-01-CONTEXTUAL","GN-EXP-VISUAL-LANGUAGE-HIERARCHY-CHAPTER-14-BROKEN-CLINIC-PAGE-01-CONTEXTUAL-PF1-V03-0B98BF4C","experiments/visual-language-hierarchy/assets/chapter_14_broken_clinic-page-01-contextual-phase1-refinement-v3.png","chapter_14_broken_clinic-page-01-contextual-phase1-refinement-v3.png","experiment","visual-language-hierarchy","image","v3","phase-1","true",".png","2283583","0B98BF4CE93F90CB39AD64E8692FE7D27738EEB731ECDFBB9BA2D50DBCCF35CB","1024","1536","","untracked","lfs","candidate","production-reference","contextual-environment","non-canon","Candidate review; author decision pending","author-review-required","summary","author-review;filesystem;manual-inference;phase1-log","Experiment path establishes lifecycle; any production use is recorded separately rather than treated as promotion.","art/graphic_novel/experiments/visual-language-hierarchy/experiment-report.md;art/graphic_novel/PHASE_1_CANDIDATE_REVIEW_LOG_2026-09-01.md","","chapter_01_wakeup/continuity-sheet-phase1-refinement-v2.png","experiments/visual-language-hierarchy/assets/chapter_14_broken_clinic-page-01-contextual.png","","","","","leave","experiments/visual-language-hierarchy/assets/chapter_14_broken_clinic-page-01-contextual-phase1-refinement-v3.png","",""
"2026-09-04","b24f2b55140833b0a1d56d54c2c1d46fcf479972","existing-file","GN-EXP-VISUAL-LANGUAGE-HIERARCHY-CHAPTER-14-BROKEN-CLINIC-PAGE-01-CONTEXTUAL","GN-EXP-VISUAL-LANGUAGE-HIERARCHY-CHAPTER-14-BROKEN-CLINIC-PAGE-01-CONTEXTUAL-CHAPTER-14-BROKEN-CLINIC-PAGE-01-CONTEXTUAL-09665C9E","experiments/visual-language-hierarchy/assets/chapter_14_broken_clinic-page-01-contextual.png","chapter_14_broken_clinic-page-01-contextual.png","experiment","visual-language-hierarchy","image","","","true",".png","2855710","09665C9E071FC6B3749E093DB1130F0B102E9CD3C48CDA4CBE5894A767C82422","1024","1536","","tracked-clean","lfs","experiment","production-reference","contextual-environment","non-canon","","deferred","full","filesystem;manual-inference","Experiment path establishes lifecycle; any production use is recorded separately rather than treated as promotion.","art/graphic_novel/experiments/visual-language-hierarchy/experiment-report.md","","","","","","experiments/visual-language-hierarchy/assets/chapter_14_broken_clinic-page-01-contextual-phase1-refinement-v1.png;experiments/visual-language-hierarchy/assets/chapter_14_broken_clinic-page-01-contextual-phase1-refinement-v2.png;experiments/visual-language-hierarchy/assets/chapter_14_broken_clinic-page-01-contextual-phase1-refinement-v3.png","","leave","experiments/visual-language-hierarchy/assets/chapter_14_broken_clinic-page-01-contextual.png","",""
"2026-09-04","b24f2b55140833b0a1d56d54c2c1d46fcf479972","existing-file","GN-EXP-VISUAL-LANGUAGE-HIERARCHY-EXPERIMENT-REPORT","GN-EXP-VISUAL-LANGUAGE-HIERARCHY-EXPERIMENT-REPORT-CURRENT-E074958C","experiments/visual-language-hierarchy/experiment-report.md","experiment-report.md","experiment","visual-language-hierarchy","production-record","","","true",".md","17259","E074958C417EB534F9607C67B02FCFF1B6AEDD4CE53B16458B33A1D44EB0D101","","","","tracked-modified","git","experiment","record","none","not-applicable","","deferred","","filesystem;manual-inference","Experiment path establishes lifecycle; any production use is recorded separately rather than treated as promotion.","art/graphic_novel/experiments/visual-language-hierarchy/experiment-report.md","","","","","","","","leave","experiments/visual-language-hierarchy/experiment-report.md","",""
"2026-09-04","b24f2b55140833b0a1d56d54c2c1d46fcf479972","existing-file","GN-EXP-VISUAL-LANGUAGE-HIERARCHY-POLICY-DRAFT","GN-EXP-VISUAL-LANGUAGE-HIERARCHY-POLICY-DRAFT-CURRENT-587756E5","experiments/visual-language-hierarchy/policy-draft.md","policy-draft.md","experiment","visual-language-hierarchy","governing-document","","","true",".md","2902","587756E5352D40F9A5A613C5F5ECDF1F67E2044C3F5885CA58DF7373CA3B0B20","","","","tracked-clean","git","experiment","record","none","not-applicable","","deferred","","filesystem;manual-inference","Experiment path establishes lifecycle; any production use is recorded separately rather than treated as promotion.","art/graphic_novel/experiments/visual-language-hierarchy/experiment-report.md","","","","","","","","leave","experiments/visual-language-hierarchy/policy-draft.md","",""
"2026-09-04","b24f2b55140833b0a1d56d54c2c1d46fcf479972","existing-file","GN-EXP-VISUAL-LANGUAGE-HIERARCHY-REGIME-ASSESSMENT","GN-EXP-VISUAL-LANGUAGE-HIERARCHY-REGIME-ASSESSMENT-CURRENT-7E86FF19","experiments/visual-language-hierarchy/regime-assessment.md","regime-assessment.md","experiment","visual-language-hierarchy","governing-document","","","true",".md","4429","7E86FF195C31132B6939E8FAF8B33CA0B3D71DBB4D09551B4BE61567D5D90056","","","","tracked-clean","git","experiment","record","none","not-applicable","","deferred","","filesystem;manual-inference","Experiment path establishes lifecycle; any production use is recorded separately rather than treated as promotion.","art/graphic_novel/experiments/visual-language-hierarchy/experiment-report.md","","","","","","","","leave","experiments/visual-language-hierarchy/regime-assessment.md","",""
"2026-09-04","b24f2b55140833b0a1d56d54c2c1d46fcf479972","existing-file","GN-LOC-ALMELAH-DOJO-MEMORY-LANDSCAPE-REFERENCE","GN-LOC-ALMELAH-DOJO-MEMORY-LANDSCAPE-REFERENCE-LANDSCAPE-REFERENCE-EA7DB1BD","locations/almelah-dojo-memory/landscape-reference.png","landscape-reference.png","location","almelah-dojo-memory","landscape-reference","","","true",".png","2901039","EA7DB1BDCF5801E79DFC55BC6B396A382964C988E7920FD8790C047D6F475583","1024","1536","","tracked-clean","git","approved","primary;production-reference","contextual-environment","canon-constrained","Available","settled","missing","filesystem;registry","","art/graphic_novel/asset_registry.md","Chapter 15 dojo and departure memories","","","","","","","move","locations/almelah-dojo-memory/approved/almelah-dojo-memory-landscape-reference.png","",""
"2026-09-04","b24f2b55140833b0a1d56d54c2c1d46fcf479972","existing-file","GN-LOC-BELOW-THE-MAP-RUNOFF-ROUTE-LANDSCAPE-REFERENCE","GN-LOC-BELOW-THE-MAP-RUNOFF-ROUTE-LANDSCAPE-REFERENCE-LANDSCAPE-REFERENCE-67CAC37B","locations/below-the-map-runoff-route/landscape-reference.png","landscape-reference.png","location","below-the-map-runoff-route","landscape-reference","","","true",".png","3403772","67CAC37B1E1E920232FE9690D9E91F464CCD9B606A64185BF91E4F5C3B6AA911","1024","1536","","tracked-clean","git","approved","primary;production-reference","contextual-environment","canon-constrained","Available","settled","missing","filesystem;registry","","art/graphic_novel/asset_registry.md","Chapter 22 and route-mark reuse","","","","","","","move","locations/below-the-map-runoff-route/approved/below-the-map-runoff-route-landscape-reference.png","",""
"2026-09-04","b24f2b55140833b0a1d56d54c2c1d46fcf479972","existing-file","GN-LOC-BROKEN-CLINIC-LANDSCAPE-REFERENCE-V1","GN-LOC-BROKEN-CLINIC-LANDSCAPE-REFERENCE-V1-LANDSCAPE-REFERENCE-V1-71C003B6","locations/broken-clinic/landscape-reference-v1.png","landscape-reference-v1.png","location","broken-clinic","landscape-reference","","","true",".png","3064714","71C003B6181BB1AC51F1461DE3D85BA1BC6BD95D7B70B6A0D02F38CEA1E87804","1536","1024","","tracked-clean","git","approved-working","primary;production-reference","contextual-environment","canon-constrained","","settled","missing","filesystem","","","","","","","","","","promote-after-approval","locations/broken-clinic/candidates/phase-1/broken-clinic-landscape-reference-v1.png","PF1-016 reconciliation",""
"2026-09-04","b24f2b55140833b0a1d56d54c2c1d46fcf479972","existing-file","GN-LOC-BROKEN-CLINIC-LANDSCAPE-REFERENCE","GN-LOC-BROKEN-CLINIC-LANDSCAPE-REFERENCE-LANDSCAPE-REFERENCE-029093C2","locations/broken-clinic/landscape-reference.png","landscape-reference.png","location","broken-clinic","landscape-reference","","","true",".png","3286877","029093C2DEC4319359D2405A8108D4F0B679DD4D1D6BAB0829DE8B77011B336A","1536","1024","DUP-001","tracked-clean","git","approved","primary;production-reference","contextual-environment","canon-constrained","Available","settled","missing","filesystem;hash-match;registry","","art/graphic_novel/asset_registry.md","Chapters 9-10","","","","","","","move","locations/broken-clinic/approved/broken-clinic-landscape-reference.png","",""
"2026-09-04","b24f2b55140833b0a1d56d54c2c1d46fcf479972","existing-file","GN-LOC-CENTRAL-COGNITION-SECTOR-LANDSCAPE-REFERENCE","GN-LOC-CENTRAL-COGNITION-SECTOR-LANDSCAPE-REFERENCE-LANDSCAPE-REFERENCE-1730DFFE","locations/central-cognition-sector/landscape-reference.png","landscape-reference.png","location","central-cognition-sector","landscape-reference","","","true",".png","2895213","1730DFFE618C44C1459B3C621323CC292ADF9F26CFC2F6908386BE8144380E09","1024","1536","","tracked-clean","git","approved","primary;production-reference","contextual-environment","canon-constrained","Available","settled","missing","filesystem;registry","","art/graphic_novel/asset_registry.md","Chapter 11, scene 11.1","","","","","","","move","locations/central-cognition-sector/approved/central-cognition-sector-landscape-reference.png","",""
"2026-09-04","b24f2b55140833b0a1d56d54c2c1d46fcf479972","existing-file","GN-LOC-CHAPTER-15-SAFEHOUSE-LANDSCAPE-REFERENCE","GN-LOC-CHAPTER-15-SAFEHOUSE-LANDSCAPE-REFERENCE-LANDSCAPE-REFERENCE-729666EC","locations/chapter-15-safehouse/landscape-reference.png","landscape-reference.png","location","chapter-15-safehouse","landscape-reference","","","true",".png","3038318","729666EC2F62E0FC47850209F6285C9F5FB368696C2E3DEB15F71063B7EF081F","1024","1536","","tracked-clean","git","approved","primary;production-reference","contextual-environment","canon-constrained","Available","settled","missing","filesystem;registry","","art/graphic_novel/asset_registry.md","Chapter 15 scenes 15.1, 15.4, and 15.6","","","","","","","move","locations/chapter-15-safehouse/approved/chapter-15-safehouse-landscape-reference.png","",""
"2026-09-04","b24f2b55140833b0a1d56d54c2c1d46fcf479972","existing-file","GN-LOC-HIVE-EARTH-VISUAL-BRIEF","GN-LOC-HIVE-EARTH-VISUAL-BRIEF-CURRENT-31ABA049","locations/hive-earth/visual-brief.md","visual-brief.md","location","hive-earth","visual-brief","","","true",".md","3340","31ABA0491DF336B328F45E41AE0075C2FC5A8B46DDFB9DA252E3352F57A1CD42","","","","tracked-clean","git","approved","record","contextual-environment","not-applicable","","settled","","filesystem;manual-inference","Document role is inferred from its location, title, and declared status.","","","","","","","","","leave","locations/hive-earth/visual-brief.md","",""
"2026-09-04","b24f2b55140833b0a1d56d54c2c1d46fcf479972","existing-file","GN-LOC-HIVE-PROCESSING-CHAMBER-LANDSCAPE-REFERENCE","GN-LOC-HIVE-PROCESSING-CHAMBER-LANDSCAPE-REFERENCE-LANDSCAPE-REFERENCE-119AE822","locations/hive-processing-chamber/landscape-reference.png","landscape-reference.png","location","hive-processing-chamber","landscape-reference","","","true",".png","2529647","119AE822C982769EF18DBEDA70E6D8476097B9824F400BD03A06EBFD9A810163","1024","1536","","tracked-clean","git","approved","primary;production-reference","contextual-environment","canon-constrained","Available","settled","missing","filesystem;registry","","art/graphic_novel/asset_registry.md","Chapter 15 scene 15.4","","","","","","","move","locations/hive-processing-chamber/approved/hive-processing-chamber-landscape-reference.png","",""
"2026-09-04","b24f2b55140833b0a1d56d54c2c1d46fcf479972","existing-file","GN-LOC-HIVE-SPINDLE-9-LANDSCAPE-REFERENCE","GN-LOC-HIVE-SPINDLE-9-LANDSCAPE-REFERENCE-LANDSCAPE-REFERENCE-1644B420","locations/hive-spindle-9/landscape-reference.png","landscape-reference.png","location","hive-spindle-9","landscape-reference","","","true",".png","2576370","1644B420E85A5530BCA4591171B2B5BD43D18BE9F62CCAD07D832CF72A8B1962","1536","1024","","tracked-clean","git","approved","primary;production-reference","contextual-environment","canon-constrained","Available","settled","missing","filesystem;registry","","art/graphic_novel/asset_registry.md","Chapters 4-7","","","","","","","move","locations/hive-spindle-9/approved/hive-spindle-9-landscape-reference.png","",""
"2026-09-04","b24f2b55140833b0a1d56d54c2c1d46fcf479972","existing-file","GN-LOC-HIVE-SPINDLE-CITY-LANDSCAPE-REFERENCE","GN-LOC-HIVE-SPINDLE-CITY-LANDSCAPE-REFERENCE-LANDSCAPE-REFERENCE-8F5E63B4","locations/hive-spindle-city/landscape-reference.png","landscape-reference.png","location","hive-spindle-city","landscape-reference","","","true",".png","3440339","8F5E63B48F1C824E0DF9E1590A62ECCF2E5B200719599A07D2621F84BFD60E12","1024","1536","","tracked-clean","git","approved","primary;production-reference","contextual-environment","canon-constrained","Available","settled","missing","filesystem;registry","","art/graphic_novel/asset_registry.md","Chapters 1 and 11","","","","","","","move","locations/hive-spindle-city/approved/hive-spindle-city-landscape-reference.png","",""
"2026-09-04","b24f2b55140833b0a1d56d54c2c1d46fcf479972","existing-file","GN-LOC-LOWER-GRID-LANES-BETWEEN-SIGNALS-LANDSCAPE-REFERENCE","GN-LOC-LOWER-GRID-LANES-BETWEEN-SIGNALS-LANDSCAPE-REFERENCE-LANDSCAPE-REFERENCE-029093C2","locations/lower-grid-lanes-between-signals/landscape-reference.png","landscape-reference.png","location","lower-grid-lanes-between-signals","landscape-reference","","","true",".png","3286877","029093C2DEC4319359D2405A8108D4F0B679DD4D1D6BAB0829DE8B77011B336A","1536","1024","DUP-001","tracked-clean","git","approved","production-reference;semantic-mirror","contextual-environment","canon-constrained","Available","settled","missing","filesystem;hash-match;registry"," no deduplication is authorized.;Byte-identical cross-category copy retained as a semantic mirror","art/graphic_novel/asset_registry.md","Dead infrastructure, blind zones, abandoned service layers.","","","","locations/broken-clinic/landscape-reference.png","","","retain-as-mirror","locations/lower-grid-lanes-between-signals/approved/lower-grid-lanes-between-signals-landscape-reference.png","",""
"2026-09-04","b24f2b55140833b0a1d56d54c2c1d46fcf479972","existing-file","GN-LOC-LOWER-GRID-MARKET-LANDSCAPE-REFERENCE","GN-LOC-LOWER-GRID-MARKET-LANDSCAPE-REFERENCE-LANDSCAPE-REFERENCE-494CD601","locations/lower-grid-market/landscape-reference.png","landscape-reference.png","location","lower-grid-market","landscape-reference","","","true",".png","2966626","494CD6019107C86DAA8DE1DBD03A579CF96AC2A059EF2C4A957C29C8C0A0ECC9","1024","1536","","tracked-clean","git","approved","primary;production-reference","contextual-environment","canon-constrained","Available","settled","missing","filesystem;registry","","art/graphic_novel/asset_registry.md","Chapter 12, scenes 12.2-12.3","","","","","","","move","locations/lower-grid-market/approved/lower-grid-market-landscape-reference.png","",""
"2026-09-04","b24f2b55140833b0a1d56d54c2c1d46fcf479972","existing-file","GN-LOC-RAIN-SECTOR-AMBUSH-LANDSCAPE-REFERENCE","GN-LOC-RAIN-SECTOR-AMBUSH-LANDSCAPE-REFERENCE-LANDSCAPE-REFERENCE-3220B1DA","locations/rain-sector-ambush/landscape-reference.png","landscape-reference.png","location","rain-sector-ambush","landscape-reference","","","true",".png","3214457","3220B1DADE356D8AC807408F8D5F4C85D8C71725E5EE95389443AEB57FB21570","1024","1536","","tracked-clean","git","approved","primary;production-reference","contextual-environment","canon-constrained","Available","settled","missing","filesystem;registry","","art/graphic_novel/asset_registry.md","Chapter 13","","","","","","","move","locations/rain-sector-ambush/approved/rain-sector-ambush-landscape-reference.png","",""
"2026-09-04","b24f2b55140833b0a1d56d54c2c1d46fcf479972","existing-file","GN-LOC-SPINDLE-31-CHECKPOINT-LANDSCAPE-REFERENCE","GN-LOC-SPINDLE-31-CHECKPOINT-LANDSCAPE-REFERENCE-LANDSCAPE-REFERENCE-F2AD89A3","locations/spindle-31-checkpoint/landscape-reference.png","landscape-reference.png","location","spindle-31-checkpoint","landscape-reference","","","true",".png","3063851","F2AD89A3394A74809B5A05A8B6AD8B4436919F32DA2059DAB34AEDD4521B108A","1024","1536","","tracked-clean","git","approved","primary;production-reference","contextual-environment","canon-constrained","Available","settled","missing","filesystem;registry","","art/graphic_novel/asset_registry.md","Chapter 11, scene 11.3","","","","","","","move","locations/spindle-31-checkpoint/approved/spindle-31-checkpoint-landscape-reference.png","",""
"2026-09-04","b24f2b55140833b0a1d56d54c2c1d46fcf479972","existing-file","GN-LOC-SURFACE-AGE-STACK-FIELD-LANDSCAPE-REFERENCE","GN-LOC-SURFACE-AGE-STACK-FIELD-LANDSCAPE-REFERENCE-LANDSCAPE-REFERENCE-EF95C4B4","locations/surface-age-stack-field/landscape-reference.png","landscape-reference.png","location","surface-age-stack-field","landscape-reference","","","true",".png","2021366","EF95C4B44B12536D59F861CB5C7B335ED37758564A3AD79D41087A419A8C8077","1536","1024","DUP-005","tracked-clean","git","approved","primary;production-reference","contextual-environment","canon-constrained","Available","settled","missing","filesystem;hash-match;registry","","art/graphic_novel/asset_registry.md","Voss-era industrial stack landscape during the Great Sorrow.","","","","","","","move","locations/surface-age-stack-field/approved/surface-age-stack-field-landscape-reference.png","",""
"2026-09-04","b24f2b55140833b0a1d56d54c2c1d46fcf479972","existing-file","GN-LOC-SURFACE-AGE-STACK-FIELD-VISUAL-BRIEF","GN-LOC-SURFACE-AGE-STACK-FIELD-VISUAL-BRIEF-CURRENT-89563E1C","locations/surface-age-stack-field/visual-brief.md","visual-brief.md","location","surface-age-stack-field","visual-brief","","","true",".md","2423","89563E1C7CB35BA539783DEA57E9B807DF1F7B71F904A6B4D0D0A788BB70F7C0","","","","tracked-clean","git","approved","record","contextual-environment","not-applicable","","settled","","filesystem;manual-inference","Document role is inferred from its location, title, and declared status.","","","","","","","","","leave","locations/surface-age-stack-field/visual-brief.md","",""
"2026-09-04","b24f2b55140833b0a1d56d54c2c1d46fcf479972","existing-file","GN-LORE-VOSS-AFTER-MACRO","GN-LORE-VOSS-AFTER-MACRO-AFTER-MACRO-3D34F494","lore/voss/conquest-city-study/after-macro.png","after-macro.png","lore-art","voss","lore-study-plate","","","true",".png","3573218","3D34F49477C8C50F66B0047E859CE7143C7EF12C335B5D963FC74ECC4D84DACC","1024","1536","","tracked-clean","git","approved-working","primary;production-reference","contextual-environment","canon-constrained","","settled","missing","filesystem","","","","","","","","","","defer","lore/voss/conquest-city-study/candidates/legacy-style/after-macro.png","",""
"2026-09-04","b24f2b55140833b0a1d56d54c2c1d46fcf479972","existing-file","GN-LORE-VOSS-AFTER-MESO","GN-LORE-VOSS-AFTER-MESO-AFTER-MESO-01C76FDC","lore/voss/conquest-city-study/after-meso.png","after-meso.png","lore-art","voss","lore-study-plate","","","true",".png","3616006","01C76FDC6F1A5E0E728A9FE5714EDF436E0C7D7C45F7583D4C61D64B30ECBA58","1024","1536","","tracked-clean","git","approved-working","primary;production-reference","contextual-environment","canon-constrained","","settled","missing","filesystem","","","","","","","","","","defer","lore/voss/conquest-city-study/candidates/legacy-style/after-meso.png","",""
"2026-09-04","b24f2b55140833b0a1d56d54c2c1d46fcf479972","existing-file","GN-LORE-VOSS-AFTER-MICRO","GN-LORE-VOSS-AFTER-MICRO-AFTER-MICRO-F6AF6ED3","lore/voss/conquest-city-study/after-micro.png","after-micro.png","lore-art","voss","lore-study-plate","","","true",".png","2969405","F6AF6ED35763068F70C4A2E2668EB5A173747791853C2A214E5DF0F53CC20D4B","1024","1536","","tracked-clean","git","approved-working","primary;production-reference","contextual-environment","canon-constrained","","settled","missing","filesystem","","","","","","","","","","defer","lore/voss/conquest-city-study/candidates/legacy-style/after-micro.png","",""
"2026-09-04","b24f2b55140833b0a1d56d54c2c1d46fcf479972","existing-file","GN-LORE-VOSS-BEFORE-MACRO","GN-LORE-VOSS-BEFORE-MACRO-BEFORE-MACRO-F38F2ED4","lore/voss/conquest-city-study/before-macro.png","before-macro.png","lore-art","voss","lore-study-plate","","","true",".png","3736389","F38F2ED444DF5F77441A58BDEAD13C57A26F371881BF2CD98576CAF7F1EE4586","1024","1536","","tracked-clean","git","approved-working","primary;production-reference","contextual-environment","canon-constrained","","settled","missing","filesystem","","","","","","","","","","defer","lore/voss/conquest-city-study/candidates/legacy-style/before-macro.png","",""
"2026-09-04","b24f2b55140833b0a1d56d54c2c1d46fcf479972","existing-file","GN-LORE-VOSS-BEFORE-MESO","GN-LORE-VOSS-BEFORE-MESO-BEFORE-MESO-9ED62140","lore/voss/conquest-city-study/before-meso.png","before-meso.png","lore-art","voss","lore-study-plate","","","true",".png","3755708","9ED62140BE28401F70A0C74242CB08DAD8E7D429A4BEAFFEED65842865A50CCF","1024","1536","","tracked-clean","git","approved-working","primary;production-reference","contextual-environment","canon-constrained","","settled","missing","filesystem","","","","","","","","","","defer","lore/voss/conquest-city-study/candidates/legacy-style/before-meso.png","",""
"2026-09-04","b24f2b55140833b0a1d56d54c2c1d46fcf479972","existing-file","GN-LORE-VOSS-BEFORE-MICRO","GN-LORE-VOSS-BEFORE-MICRO-BEFORE-MICRO-46469937","lore/voss/conquest-city-study/before-micro.png","before-micro.png","lore-art","voss","lore-study-plate","","","true",".png","3056575","464699378F7307CB86B0AAB043EBFCEAF3C3149C4D0B912CE45C335328B1E060","1024","1536","","tracked-clean","git","approved-working","primary;production-reference","contextual-environment","canon-constrained","","settled","missing","filesystem","","","","","","","","","","defer","lore/voss/conquest-city-study/candidates/legacy-style/before-micro.png","",""
"2026-09-04","b24f2b55140833b0a1d56d54c2c1d46fcf479972","existing-file","GN-LORE-VOSS-DURING-MACRO","GN-LORE-VOSS-DURING-MACRO-DURING-MACRO-2EE6489B","lore/voss/conquest-city-study/during-macro.png","during-macro.png","lore-art","voss","lore-study-plate","","","true",".png","3628057","2EE6489B388DCCCA1C92EA6351DD09B87F8174359A1FBF98982DC6148E0D1CCE","1024","1536","","tracked-clean","git","approved-working","primary;production-reference","contextual-environment","canon-constrained","","settled","missing","filesystem","","","","","","","","","","defer","lore/voss/conquest-city-study/candidates/legacy-style/during-macro.png","",""
"2026-09-04","b24f2b55140833b0a1d56d54c2c1d46fcf479972","existing-file","GN-LORE-VOSS-DURING-MESO","GN-LORE-VOSS-DURING-MESO-DURING-MESO-2F0F82D3","lore/voss/conquest-city-study/during-meso.png","during-meso.png","lore-art","voss","lore-study-plate","","","true",".png","3806525","2F0F82D3D6534E3CD4DAA68922FF31323F651A3A7BD37F5EF36A75589A856915","1024","1536","","tracked-clean","git","approved-working","primary;production-reference","contextual-environment","canon-constrained","","settled","missing","filesystem","","","","","","","","","","defer","lore/voss/conquest-city-study/candidates/legacy-style/during-meso.png","",""
"2026-09-04","b24f2b55140833b0a1d56d54c2c1d46fcf479972","existing-file","GN-LORE-VOSS-DURING-MICRO","GN-LORE-VOSS-DURING-MICRO-DURING-MICRO-020DE33D","lore/voss/conquest-city-study/during-micro.png","during-micro.png","lore-art","voss","lore-study-plate","","","true",".png","2982504","020DE33D2A8F3556CB057F2C87743CB140188E3A78E747F147DF71BA48E131D5","1024","1536","","tracked-clean","git","approved-working","primary;production-reference","contextual-environment","canon-constrained","","settled","missing","filesystem","","","","","","","","","","defer","lore/voss/conquest-city-study/candidates/legacy-style/during-micro.png","",""
"2026-09-04","b24f2b55140833b0a1d56d54c2c1d46fcf479972","existing-file","GN-LORE-VOSS-STUDY-NOTE","GN-LORE-VOSS-STUDY-NOTE-CURRENT-D62B0BDA","lore/voss/conquest-city-study/study-note.md","study-note.md","lore-art","voss","governing-document","","","true",".md","5812","D62B0BDAEA3938322A329AC0A32F5188BA2EB386C7AE74C5B5611EDF78C1B387","","","","tracked-clean","git","approved","governing-document","contextual-environment","not-applicable","","settled","","filesystem;manual-inference","Document role is inferred from its location, title, and declared status.","","","","","","","","","leave","lore/voss/conquest-city-study/study-note.md","",""
"2026-09-04","b24f2b55140833b0a1d56d54c2c1d46fcf479972","existing-file","GN-LORE-VOSS-MARIBEL-VOSS-MURAL-CHAPTER1-STYLE","GN-LORE-VOSS-MARIBEL-VOSS-MURAL-CHAPTER1-STYLE-MARIBEL-VOSS-MURAL-CHAPTER1-STYLE-23FF96AF","lore/voss/maribel-voss-mural-chapter1-style.png","maribel-voss-mural-chapter1-style.png","lore-art","voss","image","","","true",".png","2823892","23FF96AF241F4A0696BCC03EADE902E87FD57779EF85FB2F876D89963A760D4F","1672","941","","tracked-clean","git","approved","primary;production-reference","contextual-environment","canon-constrained","Available","settled","missing","filesystem;registry","","art/graphic_novel/asset_registry.md","Chapter 22 mural and Voss lore","","","","","","","move","lore/voss/approved/maribel-voss-mural-chapter1-style.png","",""
"2026-09-04","b24f2b55140833b0a1d56d54c2c1d46fcf479972","existing-file","GN-LORE-VOSS-MARIBEL-VOSS-MURAL","GN-LORE-VOSS-MARIBEL-VOSS-MURAL-MARIBEL-VOSS-MURAL-B1775FCC","lore/voss/maribel-voss-mural.png","maribel-voss-mural.png","lore-art","voss","image","","","true",".png","2548056","B1775FCC10DE2ABB149A9EF5240975A61214CF75011002A1A89FCFB63BE34096","1672","941","","tracked-clean","git","candidate","primary;production-reference","contextual-environment","canon-constrained","Needs Style Rerender","deferred","missing","filesystem;registry","","art/graphic_novel/asset_registry.md","Chapter 22 mural and Voss lore","","","","","","","defer","lore/voss/candidates/legacy-style/maribel-voss-mural.png","style rerender and author approval",""
"2026-09-04","b24f2b55140833b0a1d56d54c2c1d46fcf479972","existing-file","GN-LORE-VOSS-SURFACE-AGE-STACKS-LANDSCAPE","GN-LORE-VOSS-SURFACE-AGE-STACKS-LANDSCAPE-SURFACE-AGE-STACKS-LANDSCAPE-EF95C4B4","lore/voss/surface-age-stacks-landscape.png","surface-age-stacks-landscape.png","lore-art","voss","landscape-reference","","","true",".png","2021366","EF95C4B44B12536D59F861CB5C7B335ED37758564A3AD79D41087A419A8C8077","1536","1024","DUP-005","tracked-clean","git","approved","production-reference;semantic-mirror","contextual-environment","canon-constrained","Available","settled","missing","filesystem;hash-match;registry"," no deduplication is authorized.;Byte-identical cross-category copy retained as a semantic mirror","art/graphic_novel/asset_registry.md","Voss-era industrial infrastructure mood","","","","locations/surface-age-stack-field/landscape-reference.png","","","retain-as-mirror","lore/voss/approved/surface-age-stacks-landscape.png","",""
"2026-09-04","b24f2b55140833b0a1d56d54c2c1d46fcf479972","existing-file","GN-LORE-VOSS-VOSS-CONQUEST-CHECKPOINT","GN-LORE-VOSS-VOSS-CONQUEST-CHECKPOINT-VOSS-CONQUEST-CHECKPOINT-530BA500","lore/voss/voss-conquest-checkpoint.png","voss-conquest-checkpoint.png","lore-art","voss","image","","","true",".png","2174289","530BA5008ABFC0745239820C616D203A1F97C630E7CFA71A35715B027A1A885B","1672","941","","tracked-clean","git","candidate","primary;production-reference","contextual-environment","canon-constrained","Needs Style Rerender","deferred","missing","filesystem;registry","","art/graphic_novel/asset_registry.md","Voss Conquest appendix","","","","","","","defer","lore/voss/candidates/legacy-style/voss-conquest-checkpoint.png","style rerender and author approval",""
"2026-09-04","b24f2b55140833b0a1d56d54c2c1d46fcf479972","existing-file","GN-LORE-VOSS-VOSS-EFFECT-ADMINISTRATION","GN-LORE-VOSS-VOSS-EFFECT-ADMINISTRATION-VOSS-EFFECT-ADMINISTRATION-FE5D492A","lore/voss/voss-effect-administration.png","voss-effect-administration.png","lore-art","voss","image","","","true",".png","2624204","FE5D492AE1F9157D788424F6E64BDD1FEB42EE73EAF8AC12F99E7CDDC146BF9E","1672","941","","tracked-clean","git","candidate","primary;production-reference","contextual-environment","canon-constrained","Needs Style Rerender","deferred","missing","filesystem;registry","","art/graphic_novel/asset_registry.md","Maribel Voss appendix","","","","","","","defer","lore/voss/candidates/legacy-style/voss-effect-administration.png","style rerender and author approval",""
"2026-09-04","b24f2b55140833b0a1d56d54c2c1d46fcf479972","existing-file","GN-LORE-VOSS-VOSS-LORE-CONTINUITY-SHEET","GN-LORE-VOSS-VOSS-LORE-CONTINUITY-SHEET-VOSS-LORE-CONTINUITY-SHEET-BB721D92","lore/voss/voss-lore-continuity-sheet.png","voss-lore-continuity-sheet.png","lore-art","voss","continuity-sheet","","","true",".png","2640636","BB721D9204F25EF060BDEB084AD41B39C14AB01B0A5C01B4FEC4DF273E9B5018","1672","941","DUP-003","tracked-clean","git","approved","primary;production-reference","contextual-environment","canon-constrained","Available","settled","missing","filesystem;hash-match;registry","","art/graphic_novel/asset_registry.md","Voss lore references","","","","","","","move","lore/voss/approved/voss-lore-continuity-sheet.png","",""
"2026-09-04","b24f2b55140833b0a1d56d54c2c1d46fcf479972","existing-file","GN-DOC-MATERIAL-COHERENCE-AUDIT","GN-DOC-MATERIAL-COHERENCE-AUDIT-CURRENT-07B69DF4","material_coherence_audit.md","material_coherence_audit.md","governance","material_coherence_audit","production-record","","","true",".md","15527","07B69DF4EE3124530E1632F611FE42D27DB069E7B1F5CD515F8C973A6DC3749A","","","","untracked","git","approved-working","record","none","not-applicable","","settled","","filesystem;manual-inference","Document role is inferred from its location, title, and declared status.","","","","","","","","","leave","material_coherence_audit.md","",""
"2026-09-04","b24f2b55140833b0a1d56d54c2c1d46fcf479972","existing-file","GN-MOTIF-ALMELAH-OATH-AUGMENTATION-CONTRAST-REFERENCE","GN-MOTIF-ALMELAH-OATH-AUGMENTATION-CONTRAST-REFERENCE-REFERENCE-EBFF2C25","motifs/almelah-oath-augmentation-contrast/reference.png","reference.png","motif","almelah-oath-augmentation-contrast","reference-sheet","","","true",".png","2754102","EBFF2C25481771565F88365C323C805F09BC179D2F93772F79929B403CA4C97C","1024","1536","DUP-004","tracked-clean","git","approved","production-reference;semantic-mirror","narrow-detail","canon-constrained","Available","settled","missing","filesystem;hash-match;registry"," no deduplication is authorized.;Byte-identical cross-category copy retained as a semantic mirror","art/graphic_novel/asset_registry.md","No augmentation, no lifespan extension, no cryo-sleep.","","","","characters/gor-of-almelah/continuity-sheet.png","","","retain-as-mirror","motifs/almelah-oath-augmentation-contrast/approved/almelah-oath-augmentation-contrast-reference.png","",""
"2026-09-04","b24f2b55140833b0a1d56d54c2c1d46fcf479972","existing-file","GN-MOTIF-HIVE-AMBER-ALERT-STATE-REFERENCE","GN-MOTIF-HIVE-AMBER-ALERT-STATE-REFERENCE-REFERENCE-14585A38","motifs/hive-amber-alert-state/reference.png","reference.png","motif","hive-amber-alert-state","reference-sheet","","","true",".png","2724807","14585A38DAC7E7250BF2074716C5614F1AD16B88C2E336255D60A978A4421362","1536","1024","DUP-002","tracked-clean","git","approved","production-reference;semantic-mirror","narrow-detail","canon-constrained","Available","settled","missing","filesystem;hash-match;registry"," no deduplication is authorized.;Byte-identical cross-category copy retained as a semantic mirror","art/graphic_novel/asset_registry.md","Amber de-escalation alerts inside controlled Hive spaces.","","","","tech/cognitive-pattern-testing-interface/reference.png","","","retain-as-mirror","motifs/hive-amber-alert-state/approved/hive-amber-alert-state-reference.png","",""
"2026-09-04","b24f2b55140833b0a1d56d54c2c1d46fcf479972","existing-file","GN-MOTIF-HIVE-INTEGRATION-DENSITY-PLANETARY-MAP-REFERENCE","GN-MOTIF-HIVE-INTEGRATION-DENSITY-PLANETARY-MAP-REFERENCE-REFERENCE-FDFF3EF7","motifs/hive-integration-density-planetary-map/reference.png","reference.png","motif","hive-integration-density-planetary-map","reference-sheet","","","true",".png","3292148","FDFF3EF7151EBF8AF506C66F9C47E18112E5F715AF49A3BE12760B817349740A","1024","1536","","tracked-clean","git","approved","primary;production-reference","narrow-detail","canon-constrained","Available","settled","missing","filesystem;registry","","art/graphic_novel/asset_registry.md","Chapter 11, scene 11.2","","","","","","","move","motifs/hive-integration-density-planetary-map/approved/hive-integration-density-planetary-map-reference.png","",""
"2026-09-04","b24f2b55140833b0a1d56d54c2c1d46fcf479972","existing-file","GN-MOTIF-MARIBEL-VOSS-MURAL-REFERENCE","GN-MOTIF-MARIBEL-VOSS-MURAL-REFERENCE-REFERENCE-BB721D92","motifs/maribel-voss-mural/reference.png","reference.png","motif","maribel-voss-mural","reference-sheet","","","true",".png","2640636","BB721D9204F25EF060BDEB084AD41B39C14AB01B0A5C01B4FEC4DF273E9B5018","1672","941","DUP-003","tracked-clean","git","approved","production-reference;semantic-mirror","narrow-detail","canon-constrained","Available","settled","missing","filesystem;hash-match;registry"," no deduplication is authorized.;Byte-identical cross-category copy retained as a semantic mirror","art/graphic_novel/asset_registry.md","Stale public memory, old phrase The Voss Effect.","","","","lore/voss/voss-lore-continuity-sheet.png","","","retain-as-mirror","motifs/maribel-voss-mural/approved/maribel-voss-mural-reference.png","",""
"2026-09-04","b24f2b55140833b0a1d56d54c2c1d46fcf479972","existing-file","GN-MOTIF-UNDER-HIVE-MEMORY-MURAL-STYLE-REFERENCE","GN-MOTIF-UNDER-HIVE-MEMORY-MURAL-STYLE-REFERENCE-REFERENCE-BB721D92","motifs/under-hive-memory-mural-style/reference.png","reference.png","motif","under-hive-memory-mural-style","reference-sheet","","","true",".png","2640636","BB721D9204F25EF060BDEB084AD41B39C14AB01B0A5C01B4FEC4DF273E9B5018","1672","941","DUP-003","tracked-clean","git","approved","production-reference;semantic-mirror","narrow-detail","canon-constrained","Available","settled","missing","filesystem;hash-match;registry"," no deduplication is authorized.;Byte-identical cross-category copy retained as a semantic mirror","art/graphic_novel/asset_registry.md","Flat ochre historical mural style.","","","","lore/voss/voss-lore-continuity-sheet.png","","","retain-as-mirror","motifs/under-hive-memory-mural-style/approved/under-hive-memory-mural-style-reference.png","",""
"2026-09-04","b24f2b55140833b0a1d56d54c2c1d46fcf479972","existing-file","GN-DOC-PHASE-1-AUTHOR-REVIEW-2026-09-01","GN-DOC-PHASE-1-AUTHOR-REVIEW-2026-09-01-CURRENT-7A5D9FC4","PHASE_1_AUTHOR_REVIEW_2026-09-01.md","PHASE_1_AUTHOR_REVIEW_2026-09-01.md","governance","PHASE_1_AUTHOR_REVIEW_2026-09-01","production-record","","","true",".md","12428","7A5D9FC48EAD3F5FD0F05E64DE38B5BCD38CDFE2BEC7A0A4C75C8A6F4118FCC1","","","","untracked","git","approved-working","record","none","not-applicable","","settled","","filesystem;manual-inference","Document role is inferred from its location, title, and declared status.","","","","","","","","","leave","PHASE_1_AUTHOR_REVIEW_2026-09-01.md","",""
"2026-09-04","b24f2b55140833b0a1d56d54c2c1d46fcf479972","existing-file","GN-DOC-PHASE-1-CANDIDATE-REVIEW-LOG-2026-09-01","GN-DOC-PHASE-1-CANDIDATE-REVIEW-LOG-2026-09-01-CURRENT-8D3713DC","PHASE_1_CANDIDATE_REVIEW_LOG_2026-09-01.md","PHASE_1_CANDIDATE_REVIEW_LOG_2026-09-01.md","governance","PHASE_1_CANDIDATE_REVIEW_LOG_2026-09-01","production-record","","","true",".md","81152","8D3713DC47E17E67A5AABE968FE87C4776FFF71A042B9F6A1BC36172A8884DE1","","","","untracked","git","approved-working","record","none","not-applicable","","settled","","filesystem;manual-inference","Document role is inferred from its location, title, and declared status.","","","","","","","","","leave","PHASE_1_CANDIDATE_REVIEW_LOG_2026-09-01.md","",""
"2026-09-04","b24f2b55140833b0a1d56d54c2c1d46fcf479972","existing-file","GN-PLAN-NEXT-PRODUCTION-MILESTONE","GN-PLAN-NEXT-PRODUCTION-MILESTONE-CURRENT-8C83B406","plans/next-production-milestone.md","next-production-milestone.md","plan","next-production-milestone","governing-document","","","true",".md","12519","8C83B406593F3F44C55FEC1B43FA9786477CF315F1961090332DDD6962E1D141","","","","tracked-clean","git","planned","record","none","not-applicable","","deferred","","filesystem;manual-inference","Plan directory establishes prospective rather than implemented status.","","","","","","","","","leave","plans/next-production-milestone.md","",""
"2026-09-04","b24f2b55140833b0a1d56d54c2c1d46fcf479972","existing-file","GN-PLAN-README","GN-PLAN-README-CURRENT-BFB1B608","plans/README.md","README.md","plan","README","governing-document","","","true",".md","1341","BFB1B6088B71C3C4B226D8D9482FA1A67D56B5B2E9C67CE6F308F19D4DD38F17","","","","tracked-clean","git","planned","record","none","not-applicable","","deferred","","filesystem;manual-inference","Plan directory establishes prospective rather than implemented status.","","","","","","","","","leave","plans/README.md","",""
"2026-09-04","b24f2b55140833b0a1d56d54c2c1d46fcf479972","existing-file","GN-PLAN-RENDER-HIVE-EARTH-CONTINUITY-SET-EXPERIMENT","GN-PLAN-RENDER-HIVE-EARTH-CONTINUITY-SET-EXPERIMENT-CURRENT-BCF7A2BC","plans/render-hive-earth-continuity-set.experiment.md","render-hive-earth-continuity-set.experiment.md","plan","render-hive-earth-continuity-set.experiment","governing-document","","","true",".md","4188","BCF7A2BCE70498357FC0A4D031C6234C837AA9063CA5150557D040BDAD179CD8","","","","tracked-clean","git","planned","record","none","not-applicable","","deferred","","filesystem;manual-inference","Plan directory establishes prospective rather than implemented status.","","","","","","","","","leave","plans/render-hive-earth-continuity-set.experiment.md","",""
"2026-09-04","b24f2b55140833b0a1d56d54c2c1d46fcf479972","existing-file","GN-PLAN-RENDER-HIVE-EARTH-CONTINUITY-SET-ORIGINAL","GN-PLAN-RENDER-HIVE-EARTH-CONTINUITY-SET-ORIGINAL-CURRENT-2640E46F","plans/render-hive-earth-continuity-set.original.md","render-hive-earth-continuity-set.original.md","plan","render-hive-earth-continuity-set.original","governing-document","","","true",".md","3517","2640E46FCEF7A68DACF3A012402AF8E4933DFD1060205BE093B45E9057232D7C","","","","tracked-clean","git","planned","record","none","not-applicable","","deferred","","filesystem;manual-inference","Plan directory establishes prospective rather than implemented status.","","","","","","","","","leave","plans/render-hive-earth-continuity-set.original.md","",""
"2026-09-04","b24f2b55140833b0a1d56d54c2c1d46fcf479972","existing-file","GN-DOC-PROJECT-MILESTONE","GN-DOC-PROJECT-MILESTONE-CURRENT-052B6735","PROJECT_MILESTONE.md","PROJECT_MILESTONE.md","governance","PROJECT_MILESTONE","governing-document","","","true",".md","4850","052B6735E441E7F75D5CA3E9414F364471DA715A47E1461A18597E2C4D131A76","","","","tracked-clean","git","approved","governing-document","none","not-applicable","","settled","","filesystem;manual-inference","Document role is inferred from its location, title, and declared status.","","","","","","","","","leave","PROJECT_MILESTONE.md","",""
"2026-09-04","b24f2b55140833b0a1d56d54c2c1d46fcf479972","existing-file","GN-OUTPUT-PROOF-VOLUME-01-THE-RETURN-BUILD-PROOF","GN-OUTPUT-PROOF-VOLUME-01-THE-RETURN-BUILD-PROOF-CURRENT-BB204C8F","proofs/volume_01_the_return/build_proof.py","build_proof.py","proof","volume_01_the_return","build-script","","","true",".py","17754","BB204C8FD12A7D63B88C461BE9AE1954A2B36E2CDC1CC0C47F4C21ADAF4B4212","","","","tracked-clean","git","approved-working","source","none","not-applicable","","settled","","filesystem;manual-inference","Proof documentation identifies these files as rebuildable verification outputs, not visual authorities.","art/graphic_novel/proofs/volume_01_the_return/README.md","","","","","","proofs/volume_01_the_return/cassian-rho-the-return-proof.pdf;proofs/volume_01_the_return/contact-sheet-48-pages.png;proofs/volume_01_the_return/pdf-render-check-contact-sheet.png;proofs/volume_01_the_return/sequence/001-cover.png;proofs/volume_01_the_return/sequence/002-divider.png;proofs/volume_01_the_return/sequence/010-divider.png;proofs/volume_01_the_return/sequence/017-divider.png;proofs/volume_01_the_return/sequence/029-divider.png;proofs/volume_01_the_return/sequence/048-colophon.png","","leave","proofs/volume_01_the_return/build_proof.py","",""
"2026-09-04","b24f2b55140833b0a1d56d54c2c1d46fcf479972","existing-file","GN-OUTPUT-PROOF-VOLUME-01-THE-RETURN-CASSIAN-RHO-THE-RETURN-PROOF","GN-OUTPUT-PROOF-VOLUME-01-THE-RETURN-CASSIAN-RHO-THE-RETURN-PROOF-CURRENT-0DD7CA52","proofs/volume_01_the_return/cassian-rho-the-return-proof.pdf","cassian-rho-the-return-proof.pdf","proof","volume_01_the_return","proof-pdf","","","true",".pdf","175441463","0DD7CA5270DB3F996B93107B5E4699B34EF3B4E9CE23B7B448938B86AE43352A","","","","tracked-clean","lfs","approved-working","derived-output","none","not-applicable","","settled","","filesystem;manual-inference","Proof documentation identifies these files as rebuildable verification outputs, not visual authorities.","art/graphic_novel/proofs/volume_01_the_return/README.md","","","proofs/volume_01_the_return/manifest.md;proofs/volume_01_the_return/build_proof.py","","","","","rebuild-derived-output","proofs/volume_01_the_return/cassian-rho-the-return-proof.pdf","source-path migration complete",""
"2026-09-04","b24f2b55140833b0a1d56d54c2c1d46fcf479972","existing-file","GN-OUTPUT-PROOF-VOLUME-01-THE-RETURN-CONTACT-SHEET-48-PAGES","GN-OUTPUT-PROOF-VOLUME-01-THE-RETURN-CONTACT-SHEET-48-PAGES-CONTACT-SHEET-48-PAGES-A78E9879","proofs/volume_01_the_return/contact-sheet-48-pages.png","contact-sheet-48-pages.png","proof","volume_01_the_return","proof-contact-sheet","","","true",".png","4460466","A78E98792D36DCE07435CC0D227B700D920E51797BD01F3F4D9D204FEB5F2845","1264","2672","","tracked-clean","git","approved-working","derived-output","none","not-applicable","","settled","missing","filesystem;manual-inference","Proof documentation identifies these files as rebuildable verification outputs, not visual authorities.","art/graphic_novel/proofs/volume_01_the_return/README.md","","","proofs/volume_01_the_return/sequence/;proofs/volume_01_the_return/build_proof.py","","","","","rebuild-derived-output","proofs/volume_01_the_return/contact-sheet-48-pages.png","source-path migration complete",""
"2026-09-04","b24f2b55140833b0a1d56d54c2c1d46fcf479972","existing-file","GN-OUTPUT-PROOF-VOLUME-01-THE-RETURN-MANIFEST","GN-OUTPUT-PROOF-VOLUME-01-THE-RETURN-MANIFEST-CURRENT-9F697281","proofs/volume_01_the_return/manifest.md","manifest.md","proof","volume_01_the_return","manifest","","","true",".md","5419","9F697281C2FFB051D2E8161537F4CFA7B4145EC81CED196D81B5DB8567C28FAC","","","","tracked-clean","git","approved-working","record","none","not-applicable","","settled","","filesystem;manual-inference","Proof documentation identifies these files as rebuildable verification outputs, not visual authorities.","art/graphic_novel/proofs/volume_01_the_return/README.md","","","","","","proofs/volume_01_the_return/cassian-rho-the-return-proof.pdf","","leave","proofs/volume_01_the_return/manifest.md","",""
"2026-09-04","b24f2b55140833b0a1d56d54c2c1d46fcf479972","existing-file","GN-OUTPUT-PROOF-VOLUME-01-THE-RETURN-PDF-RENDER-CHECK-CONTACT-SHEET","GN-OUTPUT-PROOF-VOLUME-01-THE-RETURN-PDF-RENDER-CHECK-CONTACT-SHEET-PDF-RENDER-CHECK-CONTACT-SHEET-318CB662","proofs/volume_01_the_return/pdf-render-check-contact-sheet.png","pdf-render-check-contact-sheet.png","proof","volume_01_the_return","proof-contact-sheet","","","true",".png","1816251","318CB662766EDE79BC4701EFC27D5D73648DAF86856CA17D5A202BE3E694E3F4","1032","1136","","tracked-clean","git","approved-working","derived-output","none","not-applicable","","settled","missing","filesystem;manual-inference","Proof documentation identifies these files as rebuildable verification outputs, not visual authorities.","art/graphic_novel/proofs/volume_01_the_return/README.md","","","proofs/volume_01_the_return/sequence/;proofs/volume_01_the_return/build_proof.py","","","","","rebuild-derived-output","proofs/volume_01_the_return/pdf-render-check-contact-sheet.png","source-path migration complete",""
"2026-09-04","b24f2b55140833b0a1d56d54c2c1d46fcf479972","existing-file","GN-OUTPUT-PROOF-VOLUME-01-THE-RETURN-README","GN-OUTPUT-PROOF-VOLUME-01-THE-RETURN-README-CURRENT-7FD82379","proofs/volume_01_the_return/README.md","README.md","proof","volume_01_the_return","governing-document","","","true",".md","1643","7FD823795ED4ABFC3A1CB5B0881256D8BE89ED9C18E647904F480609FD343001","","","","tracked-clean","git","approved-working","record","none","not-applicable","","settled","","filesystem;manual-inference","Proof documentation identifies these files as rebuildable verification outputs, not visual authorities.","art/graphic_novel/proofs/volume_01_the_return/README.md","","","","","","","","leave","proofs/volume_01_the_return/README.md","",""
"2026-09-04","b24f2b55140833b0a1d56d54c2c1d46fcf479972","existing-file","GN-OUTPUT-PROOF-VOLUME-01-THE-RETURN-SEQUENCE-PAGE-001","GN-OUTPUT-PROOF-VOLUME-01-THE-RETURN-SEQUENCE-PAGE-001-P001-COVER-34619F9C","proofs/volume_01_the_return/sequence/001-cover.png","001-cover.png","proof","volume_01_the_return","proof-page","001","volume-01-proof","true",".png","2096244","34619F9CF90D6D911D4EE2A729D4418FF13354C2E1D4872DDA4E86172AE618EC","1024","1536","","tracked-clean","git","approved-working","derived-output","none","not-applicable","","settled","missing","filesystem;manual-inference","Proof documentation identifies these files as rebuildable verification outputs, not visual authorities.","art/graphic_novel/proofs/volume_01_the_return/README.md","","","art/graphic_novel/proofs/volume_01_the_return/build_proof.py","","","","","rebuild-derived-output","proofs/volume_01_the_return/sequence/001-cover.png","source-path migration complete",""
"2026-09-04","b24f2b55140833b0a1d56d54c2c1d46fcf479972","existing-file","GN-OUTPUT-PROOF-VOLUME-01-THE-RETURN-SEQUENCE-PAGE-002","GN-OUTPUT-PROOF-VOLUME-01-THE-RETURN-SEQUENCE-PAGE-002-P002-DIVIDER-95C80822","proofs/volume_01_the_return/sequence/002-divider.png","002-divider.png","proof","volume_01_the_return","proof-page","002","volume-01-proof","true",".png","1136891","95C80822F35EA43DC61D247B99955DA80FFC5C1C279C33F7D82F5783FD906E1A","1024","1536","","tracked-clean","git","approved-working","derived-output","none","not-applicable","","settled","missing","filesystem;manual-inference","Proof documentation identifies these files as rebuildable verification outputs, not visual authorities.","art/graphic_novel/proofs/volume_01_the_return/README.md","","","art/graphic_novel/proofs/volume_01_the_return/build_proof.py","","","","","rebuild-derived-output","proofs/volume_01_the_return/sequence/002-divider.png","source-path migration complete",""
"2026-09-04","b24f2b55140833b0a1d56d54c2c1d46fcf479972","existing-file","GN-OUTPUT-PROOF-VOLUME-01-THE-RETURN-SEQUENCE-PAGE-003","GN-OUTPUT-PROOF-VOLUME-01-THE-RETURN-SEQUENCE-PAGE-003-P003-STORY-7A563F6A","proofs/volume_01_the_return/sequence/003-story.png","003-story.png","proof","volume_01_the_return","proof-page","003","volume-01-proof","true",".png","2419398","7A563F6ABE9A9600AEA4953E64B486572E91102FD29C4240C7AE13D5ABA0C994","1024","1536","","tracked-clean","git","approved-working","derived-output","none","not-applicable","","settled","missing","filesystem;manual-inference","Proof documentation identifies these files as rebuildable verification outputs, not visual authorities.","art/graphic_novel/proofs/volume_01_the_return/README.md","","","art/graphic_novel/chapter_01_wakeup/page-01.png","","","","","rebuild-derived-output","proofs/volume_01_the_return/sequence/003-story.png","source-path migration complete",""
"2026-09-04","b24f2b55140833b0a1d56d54c2c1d46fcf479972","existing-file","GN-OUTPUT-PROOF-VOLUME-01-THE-RETURN-SEQUENCE-PAGE-004","GN-OUTPUT-PROOF-VOLUME-01-THE-RETURN-SEQUENCE-PAGE-004-P004-STORY-CDEFCB5E","proofs/volume_01_the_return/sequence/004-story.png","004-story.png","proof","volume_01_the_return","proof-page","004","volume-01-proof","true",".png","2441609","CDEFCB5E7206EE49B85E3E50010C6336E7F6B88F6A5598D1F0A99A118F956AA3","1024","1536","","tracked-clean","git","approved-working","derived-output","none","not-applicable","","settled","missing","filesystem;manual-inference","Proof documentation identifies these files as rebuildable verification outputs, not visual authorities.","art/graphic_novel/proofs/volume_01_the_return/README.md","","","art/graphic_novel/chapter_01_wakeup/page-02.png","","","","","rebuild-derived-output","proofs/volume_01_the_return/sequence/004-story.png","source-path migration complete",""
"2026-09-04","b24f2b55140833b0a1d56d54c2c1d46fcf479972","existing-file","GN-OUTPUT-PROOF-VOLUME-01-THE-RETURN-SEQUENCE-PAGE-005","GN-OUTPUT-PROOF-VOLUME-01-THE-RETURN-SEQUENCE-PAGE-005-P005-STORY-41747DB7","proofs/volume_01_the_return/sequence/005-story.png","005-story.png","proof","volume_01_the_return","proof-page","005","volume-01-proof","true",".png","2451067","41747DB70B6812915AA9AF6DF785724CE9D1A1FB3C214B4E57C7BB6D8C1F5AAB","1024","1536","","tracked-clean","git","approved-working","derived-output","none","not-applicable","","settled","missing","filesystem;manual-inference","Proof documentation identifies these files as rebuildable verification outputs, not visual authorities.","art/graphic_novel/proofs/volume_01_the_return/README.md","","","art/graphic_novel/chapter_01_wakeup/page-03.png","","","","","rebuild-derived-output","proofs/volume_01_the_return/sequence/005-story.png","source-path migration complete",""
"2026-09-04","b24f2b55140833b0a1d56d54c2c1d46fcf479972","existing-file","GN-OUTPUT-PROOF-VOLUME-01-THE-RETURN-SEQUENCE-PAGE-006","GN-OUTPUT-PROOF-VOLUME-01-THE-RETURN-SEQUENCE-PAGE-006-P006-STORY-46869BC2","proofs/volume_01_the_return/sequence/006-story.png","006-story.png","proof","volume_01_the_return","proof-page","006","volume-01-proof","true",".png","2559114","46869BC2A4F43FFA75977598DAB53CFDD0F76852D1F7509F83443ABB8D61C452","1024","1536","","tracked-clean","git","approved-working","derived-output","none","not-applicable","","settled","missing","filesystem;manual-inference","Proof documentation identifies these files as rebuildable verification outputs, not visual authorities.","art/graphic_novel/proofs/volume_01_the_return/README.md","","","art/graphic_novel/scenes/chapter_01_launch_anomaly/page-01.png","","","","","rebuild-derived-output","proofs/volume_01_the_return/sequence/006-story.png","source-path migration complete",""
"2026-09-04","b24f2b55140833b0a1d56d54c2c1d46fcf479972","existing-file","GN-OUTPUT-PROOF-VOLUME-01-THE-RETURN-SEQUENCE-PAGE-007","GN-OUTPUT-PROOF-VOLUME-01-THE-RETURN-SEQUENCE-PAGE-007-P007-STORY-547B7590","proofs/volume_01_the_return/sequence/007-story.png","007-story.png","proof","volume_01_the_return","proof-page","007","volume-01-proof","true",".png","2403221","547B75907F0B4899A4E1013F7707E5ADEF7FB945DA191AF5EBCC9CBAF07A647A","1024","1536","","tracked-clean","git","approved-working","derived-output","none","not-applicable","","settled","missing","filesystem;manual-inference","Proof documentation identifies these files as rebuildable verification outputs, not visual authorities.","art/graphic_novel/proofs/volume_01_the_return/README.md","","","art/graphic_novel/scenes/chapter_01_launch_anomaly/page-02.png","","","","","rebuild-derived-output","proofs/volume_01_the_return/sequence/007-story.png","source-path migration complete",""
"2026-09-04","b24f2b55140833b0a1d56d54c2c1d46fcf479972","existing-file","GN-OUTPUT-PROOF-VOLUME-01-THE-RETURN-SEQUENCE-PAGE-008","GN-OUTPUT-PROOF-VOLUME-01-THE-RETURN-SEQUENCE-PAGE-008-P008-STORY-09BE7914","proofs/volume_01_the_return/sequence/008-story.png","008-story.png","proof","volume_01_the_return","proof-page","008","volume-01-proof","true",".png","2237093","09BE7914169CC78DBA59828BDF34EC15E4241CA6388F73673B4CCD9FFBAF6486","1024","1536","","tracked-clean","git","approved-working","derived-output","none","not-applicable","","settled","missing","filesystem;manual-inference","Proof documentation identifies these files as rebuildable verification outputs, not visual authorities.","art/graphic_novel/proofs/volume_01_the_return/README.md","","","art/graphic_novel/scenes/chapter_01_korin_office/page-01.png","","","","","rebuild-derived-output","proofs/volume_01_the_return/sequence/008-story.png","source-path migration complete",""
"2026-09-04","b24f2b55140833b0a1d56d54c2c1d46fcf479972","existing-file","GN-OUTPUT-PROOF-VOLUME-01-THE-RETURN-SEQUENCE-PAGE-009","GN-OUTPUT-PROOF-VOLUME-01-THE-RETURN-SEQUENCE-PAGE-009-P009-STORY-1B774ECA","proofs/volume_01_the_return/sequence/009-story.png","009-story.png","proof","volume_01_the_return","proof-page","009","volume-01-proof","true",".png","2350123","1B774ECA3BA3BFCBAEE5BC11E75B1E873FE2A0DF6CBE859565CECDD6D2788125","1024","1536","","tracked-clean","git","approved-working","derived-output","none","not-applicable","","settled","missing","filesystem;manual-inference","Proof documentation identifies these files as rebuildable verification outputs, not visual authorities.","art/graphic_novel/proofs/volume_01_the_return/README.md","","","art/graphic_novel/experiments/korin-office-meditation/assets/variant-03-the-rain.png","","","","","rebuild-derived-output","proofs/volume_01_the_return/sequence/009-story.png","source-path migration complete",""
"2026-09-04","b24f2b55140833b0a1d56d54c2c1d46fcf479972","existing-file","GN-OUTPUT-PROOF-VOLUME-01-THE-RETURN-SEQUENCE-PAGE-010","GN-OUTPUT-PROOF-VOLUME-01-THE-RETURN-SEQUENCE-PAGE-010-P010-DIVIDER-F94708B2","proofs/volume_01_the_return/sequence/010-divider.png","010-divider.png","proof","volume_01_the_return","proof-page","010","volume-01-proof","true",".png","1153510","F94708B27BEEAA8CF2571625230A6854D515DA5A1721878B4864448E3D8E3DD5","1024","1536","","tracked-clean","git","approved-working","derived-output","none","not-applicable","","settled","missing","filesystem;manual-inference","Proof documentation identifies these files as rebuildable verification outputs, not visual authorities.","art/graphic_novel/proofs/volume_01_the_return/README.md","","","art/graphic_novel/proofs/volume_01_the_return/build_proof.py","","","","","rebuild-derived-output","proofs/volume_01_the_return/sequence/010-divider.png","source-path migration complete",""
"2026-09-04","b24f2b55140833b0a1d56d54c2c1d46fcf479972","existing-file","GN-OUTPUT-PROOF-VOLUME-01-THE-RETURN-SEQUENCE-PAGE-011","GN-OUTPUT-PROOF-VOLUME-01-THE-RETURN-SEQUENCE-PAGE-011-P011-STORY-2932055B","proofs/volume_01_the_return/sequence/011-story.png","011-story.png","proof","volume_01_the_return","proof-page","011","volume-01-proof","true",".png","2200327","2932055BCD496AD625E3248B6A49B4171394870ACD969FA6B76CC41AD5224569","1024","1536","","tracked-clean","git","approved-working","derived-output","none","not-applicable","","settled","missing","filesystem;manual-inference","Proof documentation identifies these files as rebuildable verification outputs, not visual authorities.","art/graphic_novel/proofs/volume_01_the_return/README.md","","","art/graphic_novel/scenes/chapter_04_the_walk/page-01.png","","","","","rebuild-derived-output","proofs/volume_01_the_return/sequence/011-story.png","source-path migration complete",""
"2026-09-04","b24f2b55140833b0a1d56d54c2c1d46fcf479972","existing-file","GN-OUTPUT-PROOF-VOLUME-01-THE-RETURN-SEQUENCE-PAGE-012","GN-OUTPUT-PROOF-VOLUME-01-THE-RETURN-SEQUENCE-PAGE-012-P012-STORY-86B31D8A","proofs/volume_01_the_return/sequence/012-story.png","012-story.png","proof","volume_01_the_return","proof-page","012","volume-01-proof","true",".png","2226846","86B31D8AF2F5C63D3E1AED86E2015CFA8F5AD8554D5A10778268D12741EAD863","1024","1536","","tracked-clean","git","approved-working","derived-output","none","not-applicable","","settled","missing","filesystem;manual-inference","Proof documentation identifies these files as rebuildable verification outputs, not visual authorities.","art/graphic_novel/proofs/volume_01_the_return/README.md","","","art/graphic_novel/scenes/chapter_05_opening_move/page-01.png","","","","","rebuild-derived-output","proofs/volume_01_the_return/sequence/012-story.png","source-path migration complete",""
"2026-09-04","b24f2b55140833b0a1d56d54c2c1d46fcf479972","existing-file","GN-OUTPUT-PROOF-VOLUME-01-THE-RETURN-SEQUENCE-PAGE-013","GN-OUTPUT-PROOF-VOLUME-01-THE-RETURN-SEQUENCE-PAGE-013-P013-STORY-EB1754FA","proofs/volume_01_the_return/sequence/013-story.png","013-story.png","proof","volume_01_the_return","proof-page","013","volume-01-proof","true",".png","2385274","EB1754FA0739D8E8D3E7A3FD48EAA4EC7EA18BE12E95EDF3002F97C5ECA78057","1024","1536","","tracked-clean","git","approved-working","derived-output","none","not-applicable","","settled","missing","filesystem;manual-inference","Proof documentation identifies these files as rebuildable verification outputs, not visual authorities.","art/graphic_novel/proofs/volume_01_the_return/README.md","","","art/graphic_novel/scenes/chapter_05_opening_move/page-02.png","","","","","rebuild-derived-output","proofs/volume_01_the_return/sequence/013-story.png","source-path migration complete",""
"2026-09-04","b24f2b55140833b0a1d56d54c2c1d46fcf479972","existing-file","GN-OUTPUT-PROOF-VOLUME-01-THE-RETURN-SEQUENCE-PAGE-014","GN-OUTPUT-PROOF-VOLUME-01-THE-RETURN-SEQUENCE-PAGE-014-P014-STORY-625906FA","proofs/volume_01_the_return/sequence/014-story.png","014-story.png","proof","volume_01_the_return","proof-page","014","volume-01-proof","true",".png","2635441","625906FA5766D90ED8F897C8554D637F186BCF7C0BC9A038BE32C8DC0088411E","1024","1536","","tracked-clean","git","approved-working","derived-output","none","not-applicable","","settled","missing","filesystem;manual-inference","Proof documentation identifies these files as rebuildable verification outputs, not visual authorities.","art/graphic_novel/proofs/volume_01_the_return/README.md","","","art/graphic_novel/scenes/chapter_06_controlled_variables/page-01.png","","","","","rebuild-derived-output","proofs/volume_01_the_return/sequence/014-story.png","source-path migration complete",""
"2026-09-04","b24f2b55140833b0a1d56d54c2c1d46fcf479972","existing-file","GN-OUTPUT-PROOF-VOLUME-01-THE-RETURN-SEQUENCE-PAGE-015","GN-OUTPUT-PROOF-VOLUME-01-THE-RETURN-SEQUENCE-PAGE-015-P015-STORY-85324C95","proofs/volume_01_the_return/sequence/015-story.png","015-story.png","proof","volume_01_the_return","proof-page","015","volume-01-proof","true",".png","2115780","85324C950D5F47A6D3ACA6AE13FE5683CB53480D97EFE19105271932469418E9","1024","1536","","tracked-clean","git","approved-working","derived-output","none","not-applicable","","settled","missing","filesystem;manual-inference","Proof documentation identifies these files as rebuildable verification outputs, not visual authorities.","art/graphic_novel/proofs/volume_01_the_return/README.md","","","art/graphic_novel/scenes/chapter_07_the_seam/page-01.png","","","","","rebuild-derived-output","proofs/volume_01_the_return/sequence/015-story.png","source-path migration complete",""
"2026-09-04","b24f2b55140833b0a1d56d54c2c1d46fcf479972","existing-file","GN-OUTPUT-PROOF-VOLUME-01-THE-RETURN-SEQUENCE-PAGE-016","GN-OUTPUT-PROOF-VOLUME-01-THE-RETURN-SEQUENCE-PAGE-016-P016-STORY-05B82703","proofs/volume_01_the_return/sequence/016-story.png","016-story.png","proof","volume_01_the_return","proof-page","016","volume-01-proof","true",".png","2529836","05B827035F65F11EB6A0295386640444C58AF9916062E42F837224350C4F6C1C","1024","1536","","tracked-clean","git","approved-working","derived-output","none","not-applicable","","settled","missing","filesystem;manual-inference","Proof documentation identifies these files as rebuildable verification outputs, not visual authorities.","art/graphic_novel/proofs/volume_01_the_return/README.md","","","art/graphic_novel/scenes/chapter_07_the_seam/page-02.png","","","","","rebuild-derived-output","proofs/volume_01_the_return/sequence/016-story.png","source-path migration complete",""
"2026-09-04","b24f2b55140833b0a1d56d54c2c1d46fcf479972","existing-file","GN-OUTPUT-PROOF-VOLUME-01-THE-RETURN-SEQUENCE-PAGE-017","GN-OUTPUT-PROOF-VOLUME-01-THE-RETURN-SEQUENCE-PAGE-017-P017-DIVIDER-256752D7","proofs/volume_01_the_return/sequence/017-divider.png","017-divider.png","proof","volume_01_the_return","proof-page","017","volume-01-proof","true",".png","1404444","256752D79C8DF185D9FCE41D2ABB53C2EC6839F33B38B003BCDFEE9208F15776","1024","1536","","tracked-clean","git","approved-working","derived-output","none","not-applicable","","settled","missing","filesystem;manual-inference","Proof documentation identifies these files as rebuildable verification outputs, not visual authorities.","art/graphic_novel/proofs/volume_01_the_return/README.md","","","art/graphic_novel/proofs/volume_01_the_return/build_proof.py","","","","","rebuild-derived-output","proofs/volume_01_the_return/sequence/017-divider.png","source-path migration complete",""
"2026-09-04","b24f2b55140833b0a1d56d54c2c1d46fcf479972","existing-file","GN-OUTPUT-PROOF-VOLUME-01-THE-RETURN-SEQUENCE-PAGE-018","GN-OUTPUT-PROOF-VOLUME-01-THE-RETURN-SEQUENCE-PAGE-018-P018-STORY-B5CE3D0F","proofs/volume_01_the_return/sequence/018-story.png","018-story.png","proof","volume_01_the_return","proof-page","018","volume-01-proof","true",".png","2643819","B5CE3D0FAC065407056A2344DE2694F87843722ED4E4B423330B32E1A88251AB","1024","1536","","tracked-clean","git","approved-working","derived-output","none","not-applicable","","settled","missing","filesystem;manual-inference","Proof documentation identifies these files as rebuildable verification outputs, not visual authorities.","art/graphic_novel/proofs/volume_01_the_return/README.md","","","art/graphic_novel/scenes/chapter_08_the_drop/page-01.png","","","","","rebuild-derived-output","proofs/volume_01_the_return/sequence/018-story.png","source-path migration complete",""
"2026-09-04","b24f2b55140833b0a1d56d54c2c1d46fcf479972","existing-file","GN-OUTPUT-PROOF-VOLUME-01-THE-RETURN-SEQUENCE-PAGE-019","GN-OUTPUT-PROOF-VOLUME-01-THE-RETURN-SEQUENCE-PAGE-019-P019-STORY-605B391C","proofs/volume_01_the_return/sequence/019-story.png","019-story.png","proof","volume_01_the_return","proof-page","019","volume-01-proof","true",".png","2705038","605B391CD00F97EC1F9D3320D47B8E2BCC26193FD278BC8FFC924622484B566E","1024","1536","","tracked-clean","git","approved-working","derived-output","none","not-applicable","","settled","missing","filesystem;manual-inference","Proof documentation identifies these files as rebuildable verification outputs, not visual authorities.","art/graphic_novel/proofs/volume_01_the_return/README.md","","","art/graphic_novel/scenes/chapter_08_the_drop/page-02.png","","","","","rebuild-derived-output","proofs/volume_01_the_return/sequence/019-story.png","source-path migration complete",""
"2026-09-04","b24f2b55140833b0a1d56d54c2c1d46fcf479972","existing-file","GN-OUTPUT-PROOF-VOLUME-01-THE-RETURN-SEQUENCE-PAGE-020","GN-OUTPUT-PROOF-VOLUME-01-THE-RETURN-SEQUENCE-PAGE-020-P020-STORY-A6C3443E","proofs/volume_01_the_return/sequence/020-story.png","020-story.png","proof","volume_01_the_return","proof-page","020","volume-01-proof","true",".png","2757501","A6C3443E58A1B183BE38B2B7CCDB98C0EE4B28022D769D1CEAD61F04275CF074","1024","1536","","tracked-clean","git","approved-working","derived-output","none","not-applicable","","settled","missing","filesystem;manual-inference","Proof documentation identifies these files as rebuildable verification outputs, not visual authorities.","art/graphic_novel/proofs/volume_01_the_return/README.md","","","art/graphic_novel/scenes/chapter_09_fractures_in_the_core/page-01.png","","","","","rebuild-derived-output","proofs/volume_01_the_return/sequence/020-story.png","source-path migration complete",""
"2026-09-04","b24f2b55140833b0a1d56d54c2c1d46fcf479972","existing-file","GN-OUTPUT-PROOF-VOLUME-01-THE-RETURN-SEQUENCE-PAGE-021","GN-OUTPUT-PROOF-VOLUME-01-THE-RETURN-SEQUENCE-PAGE-021-P021-STORY-8C84000D","proofs/volume_01_the_return/sequence/021-story.png","021-story.png","proof","volume_01_the_return","proof-page","021","volume-01-proof","true",".png","2693005","8C84000D8D13492D59DF303F3E381023BA22F7145E92D65339926B8B22ECD9FC","1024","1536","","tracked-clean","git","approved-working","derived-output","none","not-applicable","","settled","missing","filesystem;manual-inference","Proof documentation identifies these files as rebuildable verification outputs, not visual authorities.","art/graphic_novel/proofs/volume_01_the_return/README.md","","","art/graphic_novel/scenes/chapter_10_signal_to_noise/page-01.png","","","","","rebuild-derived-output","proofs/volume_01_the_return/sequence/021-story.png","source-path migration complete",""
"2026-09-04","b24f2b55140833b0a1d56d54c2c1d46fcf479972","existing-file","GN-OUTPUT-PROOF-VOLUME-01-THE-RETURN-SEQUENCE-PAGE-022","GN-OUTPUT-PROOF-VOLUME-01-THE-RETURN-SEQUENCE-PAGE-022-P022-STORY-F60203DB","proofs/volume_01_the_return/sequence/022-story.png","022-story.png","proof","volume_01_the_return","proof-page","022","volume-01-proof","true",".png","2913988","F60203DB9F727DA15FB73F86FB20ECC5864831D830BF451F5427D05F42B7C426","1024","1536","","tracked-clean","git","approved-working","derived-output","none","not-applicable","","settled","missing","filesystem;manual-inference","Proof documentation identifies these files as rebuildable verification outputs, not visual authorities.","art/graphic_novel/proofs/volume_01_the_return/README.md","","","art/graphic_novel/scenes/chapter_10_signal_to_noise/page-02.png","","","","","rebuild-derived-output","proofs/volume_01_the_return/sequence/022-story.png","source-path migration complete",""
"2026-09-04","b24f2b55140833b0a1d56d54c2c1d46fcf479972","existing-file","GN-OUTPUT-PROOF-VOLUME-01-THE-RETURN-SEQUENCE-PAGE-023","GN-OUTPUT-PROOF-VOLUME-01-THE-RETURN-SEQUENCE-PAGE-023-P023-STORY-CA010257","proofs/volume_01_the_return/sequence/023-story.png","023-story.png","proof","volume_01_the_return","proof-page","023","volume-01-proof","true",".png","2622214","CA010257BA8A425C65917CF87DE31925587880C29D4425FABA301865C62D2239","1024","1536","","tracked-clean","git","approved-working","derived-output","none","not-applicable","","settled","missing","filesystem;manual-inference","Proof documentation identifies these files as rebuildable verification outputs, not visual authorities.","art/graphic_novel/proofs/volume_01_the_return/README.md","","","art/graphic_novel/scenes/chapter_11_contingencies/page-01.png","","","","","rebuild-derived-output","proofs/volume_01_the_return/sequence/023-story.png","source-path migration complete",""
"2026-09-04","b24f2b55140833b0a1d56d54c2c1d46fcf479972","existing-file","GN-OUTPUT-PROOF-VOLUME-01-THE-RETURN-SEQUENCE-PAGE-024","GN-OUTPUT-PROOF-VOLUME-01-THE-RETURN-SEQUENCE-PAGE-024-P024-STORY-44DA1804","proofs/volume_01_the_return/sequence/024-story.png","024-story.png","proof","volume_01_the_return","proof-page","024","volume-01-proof","true",".png","2783597","44DA18045C5EB0CBFB88E34E5D8871DCB8D242A184519E66B5FCFE3901FF9D2F","1024","1536","","tracked-clean","git","approved-working","derived-output","none","not-applicable","","settled","missing","filesystem;manual-inference","Proof documentation identifies these files as rebuildable verification outputs, not visual authorities.","art/graphic_novel/proofs/volume_01_the_return/README.md","","","art/graphic_novel/scenes/chapter_11_contingencies/page-02.png","","","","","rebuild-derived-output","proofs/volume_01_the_return/sequence/024-story.png","source-path migration complete",""
"2026-09-04","b24f2b55140833b0a1d56d54c2c1d46fcf479972","existing-file","GN-OUTPUT-PROOF-VOLUME-01-THE-RETURN-SEQUENCE-PAGE-025","GN-OUTPUT-PROOF-VOLUME-01-THE-RETURN-SEQUENCE-PAGE-025-P025-STORY-FEA31D1E","proofs/volume_01_the_return/sequence/025-story.png","025-story.png","proof","volume_01_the_return","proof-page","025","volume-01-proof","true",".png","2468718","FEA31D1E5EFC613CF9620B1E6839E0F34CAC4DE45C9370141CE7E834C3C9762B","1024","1536","","tracked-clean","git","approved-working","derived-output","none","not-applicable","","settled","missing","filesystem;manual-inference","Proof documentation identifies these files as rebuildable verification outputs, not visual authorities.","art/graphic_novel/proofs/volume_01_the_return/README.md","","","art/graphic_novel/scenes/chapter_11_contingencies/page-03.png","","","","","rebuild-derived-output","proofs/volume_01_the_return/sequence/025-story.png","source-path migration complete",""
"2026-09-04","b24f2b55140833b0a1d56d54c2c1d46fcf479972","existing-file","GN-OUTPUT-PROOF-VOLUME-01-THE-RETURN-SEQUENCE-PAGE-026","GN-OUTPUT-PROOF-VOLUME-01-THE-RETURN-SEQUENCE-PAGE-026-P026-STORY-CC8DE66B","proofs/volume_01_the_return/sequence/026-story.png","026-story.png","proof","volume_01_the_return","proof-page","026","volume-01-proof","true",".png","2570399","CC8DE66BA392C6BB6BA1DD288043B1DD2BF30C03A00B41CEDB2ABAEB8999EE96","1024","1536","","tracked-clean","git","approved-working","derived-output","none","not-applicable","","settled","missing","filesystem;manual-inference","Proof documentation identifies these files as rebuildable verification outputs, not visual authorities.","art/graphic_novel/proofs/volume_01_the_return/README.md","","","art/graphic_novel/scenes/chapter_12_lanes_between_signals/page-01.png","","","","","rebuild-derived-output","proofs/volume_01_the_return/sequence/026-story.png","source-path migration complete",""
"2026-09-04","b24f2b55140833b0a1d56d54c2c1d46fcf479972","existing-file","GN-OUTPUT-PROOF-VOLUME-01-THE-RETURN-SEQUENCE-PAGE-027","GN-OUTPUT-PROOF-VOLUME-01-THE-RETURN-SEQUENCE-PAGE-027-P027-STORY-15C72923","proofs/volume_01_the_return/sequence/027-story.png","027-story.png","proof","volume_01_the_return","proof-page","027","volume-01-proof","true",".png","2700326","15C729239DD8E9861FF139013E7577C861A0E94D355F65203B3ED795C75CA046","1024","1536","","tracked-clean","git","approved-working","derived-output","none","not-applicable","","settled","missing","filesystem;manual-inference","Proof documentation identifies these files as rebuildable verification outputs, not visual authorities.","art/graphic_novel/proofs/volume_01_the_return/README.md","","","art/graphic_novel/scenes/chapter_12_lanes_between_signals/page-02.png","","","","","rebuild-derived-output","proofs/volume_01_the_return/sequence/027-story.png","source-path migration complete",""
"2026-09-04","b24f2b55140833b0a1d56d54c2c1d46fcf479972","existing-file","GN-OUTPUT-PROOF-VOLUME-01-THE-RETURN-SEQUENCE-PAGE-028","GN-OUTPUT-PROOF-VOLUME-01-THE-RETURN-SEQUENCE-PAGE-028-P028-STORY-0A8CEE5A","proofs/volume_01_the_return/sequence/028-story.png","028-story.png","proof","volume_01_the_return","proof-page","028","volume-01-proof","true",".png","2693689","0A8CEE5A391EE35C11499FB3534D98287F7B7EDB40ACF67532913E7CE4C4560F","1024","1536","","tracked-clean","git","approved-working","derived-output","none","not-applicable","","settled","missing","filesystem;manual-inference","Proof documentation identifies these files as rebuildable verification outputs, not visual authorities.","art/graphic_novel/proofs/volume_01_the_return/README.md","","","art/graphic_novel/scenes/chapter_12_lanes_between_signals/page-03.png","","","","","rebuild-derived-output","proofs/volume_01_the_return/sequence/028-story.png","source-path migration complete",""
"2026-09-04","b24f2b55140833b0a1d56d54c2c1d46fcf479972","existing-file","GN-OUTPUT-PROOF-VOLUME-01-THE-RETURN-SEQUENCE-PAGE-029","GN-OUTPUT-PROOF-VOLUME-01-THE-RETURN-SEQUENCE-PAGE-029-P029-DIVIDER-46BDC262","proofs/volume_01_the_return/sequence/029-divider.png","029-divider.png","proof","volume_01_the_return","proof-page","029","volume-01-proof","true",".png","1352671","46BDC2621E5E93786B2D6F180FA6144A2E4E54882BC827A32BE9C7C5E10AFBC5","1024","1536","","tracked-clean","git","approved-working","derived-output","none","not-applicable","","settled","missing","filesystem;manual-inference","Proof documentation identifies these files as rebuildable verification outputs, not visual authorities.","art/graphic_novel/proofs/volume_01_the_return/README.md","","","art/graphic_novel/proofs/volume_01_the_return/build_proof.py","","","","","rebuild-derived-output","proofs/volume_01_the_return/sequence/029-divider.png","source-path migration complete",""
"2026-09-04","b24f2b55140833b0a1d56d54c2c1d46fcf479972","existing-file","GN-OUTPUT-PROOF-VOLUME-01-THE-RETURN-SEQUENCE-PAGE-030","GN-OUTPUT-PROOF-VOLUME-01-THE-RETURN-SEQUENCE-PAGE-030-P030-STORY-587E71FC","proofs/volume_01_the_return/sequence/030-story.png","030-story.png","proof","volume_01_the_return","proof-page","030","volume-01-proof","true",".png","2771373","587E71FCF393EA6BBC9CEA44732C68332F083B1395ED4518EAF6F4F724B153D4","1024","1536","","tracked-clean","git","approved-working","derived-output","none","not-applicable","","settled","missing","filesystem;manual-inference","Proof documentation identifies these files as rebuildable verification outputs, not visual authorities.","art/graphic_novel/proofs/volume_01_the_return/README.md","","","art/graphic_novel/scenes/chapter_13_soft_edge/page-01.png","","","","","rebuild-derived-output","proofs/volume_01_the_return/sequence/030-story.png","source-path migration complete",""
"2026-09-04","b24f2b55140833b0a1d56d54c2c1d46fcf479972","existing-file","GN-OUTPUT-PROOF-VOLUME-01-THE-RETURN-SEQUENCE-PAGE-031","GN-OUTPUT-PROOF-VOLUME-01-THE-RETURN-SEQUENCE-PAGE-031-P031-STORY-CF165EB4","proofs/volume_01_the_return/sequence/031-story.png","031-story.png","proof","volume_01_the_return","proof-page","031","volume-01-proof","true",".png","2841512","CF165EB478E83CE690F05B46A75A6F4AE0A003257CB07C50937C0A10AB1B26A3","1024","1536","","tracked-clean","git","approved-working","derived-output","none","not-applicable","","settled","missing","filesystem;manual-inference","Proof documentation identifies these files as rebuildable verification outputs, not visual authorities.","art/graphic_novel/proofs/volume_01_the_return/README.md","","","art/graphic_novel/scenes/chapter_13_soft_edge/page-02.png","","","","","rebuild-derived-output","proofs/volume_01_the_return/sequence/031-story.png","source-path migration complete",""
"2026-09-04","b24f2b55140833b0a1d56d54c2c1d46fcf479972","existing-file","GN-OUTPUT-PROOF-VOLUME-01-THE-RETURN-SEQUENCE-PAGE-032","GN-OUTPUT-PROOF-VOLUME-01-THE-RETURN-SEQUENCE-PAGE-032-P032-STORY-214134AF","proofs/volume_01_the_return/sequence/032-story.png","032-story.png","proof","volume_01_the_return","proof-page","032","volume-01-proof","true",".png","2890734","214134AFCA02A8786F53391D37894ED6139AA9B71F79AF7AD652FF142D1A95FC","1024","1536","","tracked-clean","git","approved-working","derived-output","none","not-applicable","","settled","missing","filesystem;manual-inference","Proof documentation identifies these files as rebuildable verification outputs, not visual authorities.","art/graphic_novel/proofs/volume_01_the_return/README.md","","","art/graphic_novel/scenes/chapter_13_soft_edge/page-03.png","","","","","rebuild-derived-output","proofs/volume_01_the_return/sequence/032-story.png","source-path migration complete",""
"2026-09-04","b24f2b55140833b0a1d56d54c2c1d46fcf479972","existing-file","GN-OUTPUT-PROOF-VOLUME-01-THE-RETURN-SEQUENCE-PAGE-033","GN-OUTPUT-PROOF-VOLUME-01-THE-RETURN-SEQUENCE-PAGE-033-P033-STORY-D1621D0C","proofs/volume_01_the_return/sequence/033-story.png","033-story.png","proof","volume_01_the_return","proof-page","033","volume-01-proof","true",".png","2785004","D1621D0C3E0B4671C4E8A9E4AC1F15FD336F51835A99321665CEFB5783F302A7","1024","1536","","tracked-clean","git","approved-working","derived-output","none","not-applicable","","settled","missing","filesystem;manual-inference","Proof documentation identifies these files as rebuildable verification outputs, not visual authorities.","art/graphic_novel/proofs/volume_01_the_return/README.md","","","art/graphic_novel/scenes/chapter_14_broken_clinic/page-01.png","","","","","rebuild-derived-output","proofs/volume_01_the_return/sequence/033-story.png","source-path migration complete",""
"2026-09-04","b24f2b55140833b0a1d56d54c2c1d46fcf479972","existing-file","GN-OUTPUT-PROOF-VOLUME-01-THE-RETURN-SEQUENCE-PAGE-034","GN-OUTPUT-PROOF-VOLUME-01-THE-RETURN-SEQUENCE-PAGE-034-P034-STORY-36A3A84B","proofs/volume_01_the_return/sequence/034-story.png","034-story.png","proof","volume_01_the_return","proof-page","034","volume-01-proof","true",".png","2698869","36A3A84BFED644B59E601C59A6A2B2B47286794530497B0E8018A8A9C1100F8C","1024","1536","","tracked-clean","git","approved-working","derived-output","none","not-applicable","","settled","missing","filesystem;manual-inference","Proof documentation identifies these files as rebuildable verification outputs, not visual authorities.","art/graphic_novel/proofs/volume_01_the_return/README.md","","","art/graphic_novel/scenes/chapter_14_broken_clinic/page-02.png","","","","","rebuild-derived-output","proofs/volume_01_the_return/sequence/034-story.png","source-path migration complete",""
"2026-09-04","b24f2b55140833b0a1d56d54c2c1d46fcf479972","existing-file","GN-OUTPUT-PROOF-VOLUME-01-THE-RETURN-SEQUENCE-PAGE-035","GN-OUTPUT-PROOF-VOLUME-01-THE-RETURN-SEQUENCE-PAGE-035-P035-STORY-D23D2A12","proofs/volume_01_the_return/sequence/035-story.png","035-story.png","proof","volume_01_the_return","proof-page","035","volume-01-proof","true",".png","2744316","D23D2A129F268F5CA137F7AB7CCDC1555AB6D3BBF099DCDE8AAA53173B1A217D","1024","1536","","tracked-clean","git","approved-working","derived-output","none","not-applicable","","settled","missing","filesystem;manual-inference","Proof documentation identifies these files as rebuildable verification outputs, not visual authorities.","art/graphic_novel/proofs/volume_01_the_return/README.md","","","art/graphic_novel/scenes/chapter_14_broken_clinic/page-03.png","","","","","rebuild-derived-output","proofs/volume_01_the_return/sequence/035-story.png","source-path migration complete",""
"2026-09-04","b24f2b55140833b0a1d56d54c2c1d46fcf479972","existing-file","GN-OUTPUT-PROOF-VOLUME-01-THE-RETURN-SEQUENCE-PAGE-036","GN-OUTPUT-PROOF-VOLUME-01-THE-RETURN-SEQUENCE-PAGE-036-P036-STORY-831BF8B0","proofs/volume_01_the_return/sequence/036-story.png","036-story.png","proof","volume_01_the_return","proof-page","036","volume-01-proof","true",".png","2607962","831BF8B06FA81BBEA484293E78B31227CE6D7E114F925B9F1225C24AF53C1B1F","1024","1536","","tracked-clean","git","approved-working","derived-output","none","not-applicable","","settled","missing","filesystem;manual-inference","Proof documentation identifies these files as rebuildable verification outputs, not visual authorities.","art/graphic_novel/proofs/volume_01_the_return/README.md","","","art/graphic_novel/scenes/chapter_15_safehouse_recognition/page-01.png","","","","","rebuild-derived-output","proofs/volume_01_the_return/sequence/036-story.png","source-path migration complete",""
"2026-09-04","b24f2b55140833b0a1d56d54c2c1d46fcf479972","existing-file","GN-OUTPUT-PROOF-VOLUME-01-THE-RETURN-SEQUENCE-PAGE-037","GN-OUTPUT-PROOF-VOLUME-01-THE-RETURN-SEQUENCE-PAGE-037-P037-STORY-69C6F21B","proofs/volume_01_the_return/sequence/037-story.png","037-story.png","proof","volume_01_the_return","proof-page","037","volume-01-proof","true",".png","2585576","69C6F21B04FA86298248C9F778A2EE31959F4C2A2EDF7C8ADC94133E16D3E018","1024","1536","","tracked-clean","git","approved-working","derived-output","none","not-applicable","","settled","missing","filesystem;manual-inference","Proof documentation identifies these files as rebuildable verification outputs, not visual authorities.","art/graphic_novel/proofs/volume_01_the_return/README.md","","","art/graphic_novel/scenes/chapter_15_almelah_dojo/page-01.png","","","","","rebuild-derived-output","proofs/volume_01_the_return/sequence/037-story.png","source-path migration complete",""
"2026-09-04","b24f2b55140833b0a1d56d54c2c1d46fcf479972","existing-file","GN-OUTPUT-PROOF-VOLUME-01-THE-RETURN-SEQUENCE-PAGE-038","GN-OUTPUT-PROOF-VOLUME-01-THE-RETURN-SEQUENCE-PAGE-038-P038-STORY-756B8E56","proofs/volume_01_the_return/sequence/038-story.png","038-story.png","proof","volume_01_the_return","proof-page","038","volume-01-proof","true",".png","2368576","756B8E56E6BEFE3769280687B068E817F537EB7310BE03B44F92C64646D8100E","1024","1536","","tracked-clean","git","approved-working","derived-output","none","not-applicable","","settled","missing","filesystem;manual-inference","Proof documentation identifies these files as rebuildable verification outputs, not visual authorities.","art/graphic_novel/proofs/volume_01_the_return/README.md","","","art/graphic_novel/scenes/chapter_15_almelah_dojo/page-02.png","","","","","rebuild-derived-output","proofs/volume_01_the_return/sequence/038-story.png","source-path migration complete",""
"2026-09-04","b24f2b55140833b0a1d56d54c2c1d46fcf479972","existing-file","GN-OUTPUT-PROOF-VOLUME-01-THE-RETURN-SEQUENCE-PAGE-039","GN-OUTPUT-PROOF-VOLUME-01-THE-RETURN-SEQUENCE-PAGE-039-P039-STORY-24AE2FED","proofs/volume_01_the_return/sequence/039-story.png","039-story.png","proof","volume_01_the_return","proof-page","039","volume-01-proof","true",".png","2656332","24AE2FED2C774A4914F85EF72AF56B9FF2BA540C8D8839720F144CAC8DA41097","1024","1536","","tracked-clean","git","approved-working","derived-output","none","not-applicable","","settled","missing","filesystem;manual-inference","Proof documentation identifies these files as rebuildable verification outputs, not visual authorities.","art/graphic_novel/proofs/volume_01_the_return/README.md","","","art/graphic_novel/scenes/chapter_15_almelah_dojo/page-03.png","","","","","rebuild-derived-output","proofs/volume_01_the_return/sequence/039-story.png","source-path migration complete",""
"2026-09-04","b24f2b55140833b0a1d56d54c2c1d46fcf479972","existing-file","GN-OUTPUT-PROOF-VOLUME-01-THE-RETURN-SEQUENCE-PAGE-040","GN-OUTPUT-PROOF-VOLUME-01-THE-RETURN-SEQUENCE-PAGE-040-P040-STORY-02B6D616","proofs/volume_01_the_return/sequence/040-story.png","040-story.png","proof","volume_01_the_return","proof-page","040","volume-01-proof","true",".png","2339117","02B6D6169639798FA23C7B971FF9D046066E406691337958F235584D06892C3D","1024","1536","","tracked-clean","git","approved-working","derived-output","none","not-applicable","","settled","missing","filesystem;manual-inference","Proof documentation identifies these files as rebuildable verification outputs, not visual authorities.","art/graphic_novel/proofs/volume_01_the_return/README.md","","","art/graphic_novel/scenes/chapter_15_augmentation_offer/page-01.png","","","","","rebuild-derived-output","proofs/volume_01_the_return/sequence/040-story.png","source-path migration complete",""
"2026-09-04","b24f2b55140833b0a1d56d54c2c1d46fcf479972","existing-file","GN-OUTPUT-PROOF-VOLUME-01-THE-RETURN-SEQUENCE-PAGE-041","GN-OUTPUT-PROOF-VOLUME-01-THE-RETURN-SEQUENCE-PAGE-041-P041-STORY-62D1A2EF","proofs/volume_01_the_return/sequence/041-story.png","041-story.png","proof","volume_01_the_return","proof-page","041","volume-01-proof","true",".png","2288681","62D1A2EF6020EF160C8F974C534B393EEC97E5FEDDE3F3747F7CCBE7BBE9C116","1024","1536","","tracked-clean","git","approved-working","derived-output","none","not-applicable","","settled","missing","filesystem;manual-inference","Proof documentation identifies these files as rebuildable verification outputs, not visual authorities.","art/graphic_novel/proofs/volume_01_the_return/README.md","","","art/graphic_novel/scenes/chapter_15_augmentation_offer/page-02.png","","","","","rebuild-derived-output","proofs/volume_01_the_return/sequence/041-story.png","source-path migration complete",""
"2026-09-04","b24f2b55140833b0a1d56d54c2c1d46fcf479972","existing-file","GN-OUTPUT-PROOF-VOLUME-01-THE-RETURN-SEQUENCE-PAGE-042","GN-OUTPUT-PROOF-VOLUME-01-THE-RETURN-SEQUENCE-PAGE-042-P042-STORY-010069C0","proofs/volume_01_the_return/sequence/042-story.png","042-story.png","proof","volume_01_the_return","proof-page","042","volume-01-proof","true",".png","2566848","010069C0B3018F353477147E314F28BFA741BA6BB6263AEFD106B3C5497DEA32","1024","1536","","tracked-clean","git","approved-working","derived-output","none","not-applicable","","settled","missing","filesystem;manual-inference","Proof documentation identifies these files as rebuildable verification outputs, not visual authorities.","art/graphic_novel/proofs/volume_01_the_return/README.md","","","art/graphic_novel/scenes/chapter_15_almelah_fall/page-01.png","","","","","rebuild-derived-output","proofs/volume_01_the_return/sequence/042-story.png","source-path migration complete",""
"2026-09-04","b24f2b55140833b0a1d56d54c2c1d46fcf479972","existing-file","GN-OUTPUT-PROOF-VOLUME-01-THE-RETURN-SEQUENCE-PAGE-043","GN-OUTPUT-PROOF-VOLUME-01-THE-RETURN-SEQUENCE-PAGE-043-P043-STORY-40829F38","proofs/volume_01_the_return/sequence/043-story.png","043-story.png","proof","volume_01_the_return","proof-page","043","volume-01-proof","true",".png","2524350","40829F38F309DF9E6D1DD48701254242273E07770D297C9410B7DFC4E36057FE","1024","1536","","tracked-clean","git","approved-working","derived-output","none","not-applicable","","settled","missing","filesystem;manual-inference","Proof documentation identifies these files as rebuildable verification outputs, not visual authorities.","art/graphic_novel/proofs/volume_01_the_return/README.md","","","art/graphic_novel/scenes/chapter_15_almelah_fall/page-02.png","","","","","rebuild-derived-output","proofs/volume_01_the_return/sequence/043-story.png","source-path migration complete",""
"2026-09-04","b24f2b55140833b0a1d56d54c2c1d46fcf479972","existing-file","GN-OUTPUT-PROOF-VOLUME-01-THE-RETURN-SEQUENCE-PAGE-044","GN-OUTPUT-PROOF-VOLUME-01-THE-RETURN-SEQUENCE-PAGE-044-P044-STORY-BBABC546","proofs/volume_01_the_return/sequence/044-story.png","044-story.png","proof","volume_01_the_return","proof-page","044","volume-01-proof","true",".png","2398924","BBABC5460541538C66B671368B8A7318DCC324C36FDBD054583A34152A9CA707","1024","1536","","tracked-clean","git","approved-working","derived-output","none","not-applicable","","settled","missing","filesystem;manual-inference","Proof documentation identifies these files as rebuildable verification outputs, not visual authorities.","art/graphic_novel/proofs/volume_01_the_return/README.md","","","art/graphic_novel/scenes/chapter_15_almelah_fall/page-03.png","","","","","rebuild-derived-output","proofs/volume_01_the_return/sequence/044-story.png","source-path migration complete",""
"2026-09-04","b24f2b55140833b0a1d56d54c2c1d46fcf479972","existing-file","GN-OUTPUT-PROOF-VOLUME-01-THE-RETURN-SEQUENCE-PAGE-045","GN-OUTPUT-PROOF-VOLUME-01-THE-RETURN-SEQUENCE-PAGE-045-P045-STORY-B58522CC","proofs/volume_01_the_return/sequence/045-story.png","045-story.png","proof","volume_01_the_return","proof-page","045","volume-01-proof","true",".png","2600292","B58522CC8EBB60C8870DCFE69DBA9FA98A5266240B255132B7641668F37C945E","1024","1536","","tracked-clean","git","approved-working","derived-output","none","not-applicable","","settled","missing","filesystem;manual-inference","Proof documentation identifies these files as rebuildable verification outputs, not visual authorities.","art/graphic_novel/proofs/volume_01_the_return/README.md","","","art/graphic_novel/scenes/chapter_15_safehouse_conclusion/page-01.png","","","","","rebuild-derived-output","proofs/volume_01_the_return/sequence/045-story.png","source-path migration complete",""
"2026-09-04","b24f2b55140833b0a1d56d54c2c1d46fcf479972","existing-file","GN-OUTPUT-PROOF-VOLUME-01-THE-RETURN-SEQUENCE-PAGE-046","GN-OUTPUT-PROOF-VOLUME-01-THE-RETURN-SEQUENCE-PAGE-046-P046-STORY-F0002547","proofs/volume_01_the_return/sequence/046-story.png","046-story.png","proof","volume_01_the_return","proof-page","046","volume-01-proof","true",".png","2586975","F00025479654E2BE52FFC4586DE7FD50DE859C487E21308DBF832B1AC590F6DE","1024","1536","","tracked-clean","git","approved-working","derived-output","none","not-applicable","","settled","missing","filesystem;manual-inference","Proof documentation identifies these files as rebuildable verification outputs, not visual authorities.","art/graphic_novel/proofs/volume_01_the_return/README.md","","","art/graphic_novel/scenes/chapter_15_safehouse_conclusion/page-02.png","","","","","rebuild-derived-output","proofs/volume_01_the_return/sequence/046-story.png","source-path migration complete",""
"2026-09-04","b24f2b55140833b0a1d56d54c2c1d46fcf479972","existing-file","GN-OUTPUT-PROOF-VOLUME-01-THE-RETURN-SEQUENCE-PAGE-047","GN-OUTPUT-PROOF-VOLUME-01-THE-RETURN-SEQUENCE-PAGE-047-P047-STORY-6A0D8F8F","proofs/volume_01_the_return/sequence/047-story.png","047-story.png","proof","volume_01_the_return","proof-page","047","volume-01-proof","true",".png","2564422","6A0D8F8F08BF4563708A3DD075EAAE802601AA74FF8A31C9203735C3BE96B861","1024","1536","","tracked-clean","git","approved-working","derived-output","none","not-applicable","","settled","missing","filesystem;manual-inference","Proof documentation identifies these files as rebuildable verification outputs, not visual authorities.","art/graphic_novel/proofs/volume_01_the_return/README.md","","","art/graphic_novel/scenes/chapter_15_gor_in_rain/page-01.png","","","","","rebuild-derived-output","proofs/volume_01_the_return/sequence/047-story.png","source-path migration complete",""
"2026-09-04","b24f2b55140833b0a1d56d54c2c1d46fcf479972","existing-file","GN-OUTPUT-PROOF-VOLUME-01-THE-RETURN-SEQUENCE-PAGE-048","GN-OUTPUT-PROOF-VOLUME-01-THE-RETURN-SEQUENCE-PAGE-048-P048-COLOPHON-530A93C6","proofs/volume_01_the_return/sequence/048-colophon.png","048-colophon.png","proof","volume_01_the_return","proof-page","048","volume-01-proof","true",".png","75430","530A93C6A5FC579E440DC3432F2929C5CD5CA9FDF8B2047C8494BFF0388A9EE7","1024","1536","","tracked-clean","git","approved-working","derived-output","none","not-applicable","","settled","missing","filesystem;manual-inference","Proof documentation identifies these files as rebuildable verification outputs, not visual authorities.","art/graphic_novel/proofs/volume_01_the_return/README.md","","","art/graphic_novel/proofs/volume_01_the_return/build_proof.py","","","","","rebuild-derived-output","proofs/volume_01_the_return/sequence/048-colophon.png","source-path migration complete",""
"2026-09-04","b24f2b55140833b0a1d56d54c2c1d46fcf479972","existing-file","GN-OUTPUT-PROOF-VOLUME-01-THE-RETURN-SOURCE-HASHES-BEFORE","GN-OUTPUT-PROOF-VOLUME-01-THE-RETURN-SOURCE-HASHES-BEFORE-CURRENT-2ECE7D16","proofs/volume_01_the_return/source-hashes-before.sha256","source-hashes-before.sha256","proof","volume_01_the_return","hash-manifest","","","true",".sha256","5904","2ECE7D1603FEB21FD03B5957DC7FF0EDC7D790F7E82D379576B97C0AD5705B28","","","","tracked-clean","git","approved-working","record","none","not-applicable","","settled","","filesystem;manual-inference","Proof documentation identifies these files as rebuildable verification outputs, not visual authorities.","art/graphic_novel/proofs/volume_01_the_return/README.md","","","","","","","","leave","proofs/volume_01_the_return/source-hashes-before.sha256","",""
"2026-09-04","b24f2b55140833b0a1d56d54c2c1d46fcf479972","existing-file","GN-OUTPUT-PROOF-VOLUME-01-THE-RETURN-STYLE-REVIEW","GN-OUTPUT-PROOF-VOLUME-01-THE-RETURN-STYLE-REVIEW-CURRENT-BC7F9691","proofs/volume_01_the_return/style-review.md","style-review.md","proof","volume_01_the_return","production-record","","","true",".md","2186","BC7F9691EE4352C532F4B710A4159A750AA8502F970C55A1B9DB7E58AA0D0B2C","","","","tracked-clean","git","approved-working","record","none","not-applicable","","settled","","filesystem;manual-inference","Proof documentation identifies these files as rebuildable verification outputs, not visual authorities.","art/graphic_novel/proofs/volume_01_the_return/README.md","","","","","","","","leave","proofs/volume_01_the_return/style-review.md","",""
"2026-09-04","b24f2b55140833b0a1d56d54c2c1d46fcf479972","existing-file","GN-DOC-PROPOSED-FIXES-PHASE-1-2026-09-01","GN-DOC-PROPOSED-FIXES-PHASE-1-2026-09-01-CURRENT-2E7CF086","PROPOSED_FIXES_PHASE_1_2026-09-01.md","PROPOSED_FIXES_PHASE_1_2026-09-01.md","governance","PROPOSED_FIXES_PHASE_1_2026-09-01","governing-document","","","true",".md","25326","2E7CF0867783B6F5882293DBB6F1DBCC4D74BD57E5E3EF576E9FF7247FBA04F2","","","","untracked","git","approved-working","governing-document","none","not-applicable","","settled","","filesystem;manual-inference","Document role is inferred from its location, title, and declared status.","","","","","","","","","leave","PROPOSED_FIXES_PHASE_1_2026-09-01.md","",""
"2026-09-04","b24f2b55140833b0a1d56d54c2c1d46fcf479972","existing-file","GN-DOC-REMAINING-SCENE-CATALOGUE","GN-DOC-REMAINING-SCENE-CATALOGUE-CURRENT-648E8E1C","remaining_scene_catalogue.md","remaining_scene_catalogue.md","governance","remaining_scene_catalogue","production-record","","","true",".md","21892","648E8E1C82DF8C11A6842E5612DB1DCB3088526EDC9343D8ABEAB719024CB406","","","","tracked-clean","git","approved","record","none","not-applicable","","settled","","filesystem;manual-inference","Document role is inferred from its location, title, and declared status.","","","","","","","","","leave","remaining_scene_catalogue.md","",""
"2026-09-04","b24f2b55140833b0a1d56d54c2c1d46fcf479972","existing-file","GN-SCENE-CHAPTER-01-KORIN-OFFICE-LETTERING-SPEC","GN-SCENE-CHAPTER-01-KORIN-OFFICE-LETTERING-SPEC-CURRENT-CB0F1C74","scenes/chapter_01_korin_office/lettering-spec.md","lettering-spec.md","scene","chapter_01_korin_office","lettering-specification","","","true",".md","1794","CB0F1C740734BD4525F949E459DDA03681B8345CAFB0F09E114B9AC2043C4F68","","","","tracked-clean","git","approved","record","none","not-applicable","","settled","","filesystem;manual-inference","Document role is inferred from its location, title, and declared status.","","","characters/cassian-rho/continuity-sheet.png;characters/korin-tal/continuity-sheet.png;locations/hive-earth/visual-brief.md","","","","","","leave","scenes/chapter_01_korin_office/lettering-spec.md","",""
"2026-09-04","b24f2b55140833b0a1d56d54c2c1d46fcf479972","existing-file","GN-SCENE-CHAPTER-01-KORIN-OFFICE-PAGE-01","GN-SCENE-CHAPTER-01-KORIN-OFFICE-PAGE-01-PAGE-01-9AB9859A","scenes/chapter_01_korin_office/page-01.png","page-01.png","scene","chapter_01_korin_office","rendered-page","","","true",".png","2433544","9AB9859A92D38904D4689DCBB0D4CB653C05AB4F54CEBDABE32491ACF9EB5490","1024","1536","","tracked-clean","git","approved-working","primary","contextual-environment","canon-constrained","","phase1-reconciliation-required","missing","filesystem;manual-inference","The page is used by the proof and dialogue queue but is absent from the generated-asset registry.","art/graphic_novel/dialogue_correction_todo.md;art/graphic_novel/proofs/volume_01_the_return/manifest.md","","characters/cassian-rho/continuity-sheet.png;characters/korin-tal/continuity-sheet.png;locations/hive-earth/visual-brief.md","","","","proofs/volume_01_the_return/sequence/008-story.png","missing asset-registry row","promote-after-approval","scenes/chapter_01_korin_office/candidates/phase-1/chapter_01_korin_office-page-01.png","PF1-016 reconciliation",""
"2026-09-04","b24f2b55140833b0a1d56d54c2c1d46fcf479972","existing-file","GN-SCENE-CHAPTER-01-LAUNCH-ANOMALY-PAGE-01","GN-SCENE-CHAPTER-01-LAUNCH-ANOMALY-PAGE-01-PAGE-01-8F01DED3","scenes/chapter_01_launch_anomaly/page-01.png","page-01.png","scene","chapter_01_launch_anomaly","rendered-page","","","true",".png","2802647","8F01DED3DC2A0D871E3A172A1734071C5FC13D53978777917CB4BFDCB8EDDEAC","1024","1536","","tracked-clean","git","approved","primary;production-reference","contextual-environment","canon-constrained","Available","settled","missing","filesystem;registry","","art/graphic_novel/asset_registry.md","Chapter 1 launch memory, lines 85-113","characters/cassian-rho/continuity-sheet.png;locations/pacific-array/landscape-reference.png;tech/helion-class-scoutcraft/reference.png;tech/hyperspace-gate/reference.png;motifs/hyperspace-anomaly-warning/reference.png","","","","proofs/volume_01_the_return/sequence/006-story.png","","move","scenes/chapter_01_launch_anomaly/approved/chapter_01_launch_anomaly-page-01.png","",""
"2026-09-04","b24f2b55140833b0a1d56d54c2c1d46fcf479972","existing-file","GN-SCENE-CHAPTER-01-LAUNCH-ANOMALY-PAGE-02","GN-SCENE-CHAPTER-01-LAUNCH-ANOMALY-PAGE-02-PAGE-02-DD1A1CC3","scenes/chapter_01_launch_anomaly/page-02.png","page-02.png","scene","chapter_01_launch_anomaly","rendered-page","","","true",".png","2650118","DD1A1CC374D2380937C4E47849CC8685B720E7AC4DA7770F2969AF3CAD0F5FF0","1024","1536","","tracked-clean","git","approved","primary;production-reference","contextual-environment","canon-constrained","Available","settled","missing","filesystem;registry","","art/graphic_novel/asset_registry.md","Chapter 1 launch/anomaly memory, lines 115-147","characters/cassian-rho/continuity-sheet.png;locations/pacific-array/landscape-reference.png;tech/helion-class-scoutcraft/reference.png;tech/hyperspace-gate/reference.png;motifs/hyperspace-anomaly-warning/reference.png","","","","proofs/volume_01_the_return/sequence/007-story.png","","move","scenes/chapter_01_launch_anomaly/approved/chapter_01_launch_anomaly-page-02.png","",""
"2026-09-04","b24f2b55140833b0a1d56d54c2c1d46fcf479972","existing-file","GN-SCENE-CHAPTER-04-THE-WALK-PAGE-01-CONTINUITY-DRAFT","GN-SCENE-CHAPTER-04-THE-WALK-PAGE-01-CONTINUITY-DRAFT-PAGE-01-CONTINUITY-DRAFT-C4A3D878","scenes/chapter_04_the_walk/page-01-continuity-draft.png","page-01-continuity-draft.png","scene","chapter_04_the_walk","rendered-page","","","true",".png","2514212","C4A3D8788B1A9B37E2A78FBD8D88614187FBA25A1E9616AD841E2139066171F2","1024","1536","","tracked-clean","git","approved-working","primary","contextual-environment","canon-constrained","","settled","missing","filesystem","","","","characters/cassian-rho/continuity-sheet.png;characters/korin-tal/continuity-sheet.png;locations/hive-spindle-9/landscape-reference.png","","","","","","promote-after-approval","scenes/chapter_04_the_walk/candidates/phase-1/chapter_04_the_walk-page-01-continuity-draft.png","PF1-016 reconciliation",""
"2026-09-04","b24f2b55140833b0a1d56d54c2c1d46fcf479972","existing-file","GN-SCENE-CHAPTER-04-THE-WALK-PAGE-01","GN-SCENE-CHAPTER-04-THE-WALK-PAGE-01-PAGE-01-68BFF8E7","scenes/chapter_04_the_walk/page-01.png","page-01.png","scene","chapter_04_the_walk","rendered-page","","","true",".png","2508323","68BFF8E7BF3D27CF1369E7B7AE534E0091F7D6FB1D1A5C4A10C693FF5BED2846","1024","1536","","tracked-clean","git","approved","primary;production-reference","contextual-environment","canon-constrained","Available","settled","missing","filesystem;registry","","art/graphic_novel/asset_registry.md","Chapter 4, full chapter","characters/cassian-rho/continuity-sheet.png;characters/korin-tal/continuity-sheet.png;locations/hive-spindle-9/landscape-reference.png","","","","proofs/volume_01_the_return/sequence/011-story.png","","move","scenes/chapter_04_the_walk/approved/chapter_04_the_walk-page-01.png","",""
"2026-09-04","b24f2b55140833b0a1d56d54c2c1d46fcf479972","existing-file","GN-SCENE-CHAPTER-05-OPENING-MOVE-PAGE-01","GN-SCENE-CHAPTER-05-OPENING-MOVE-PAGE-01-PAGE-01-D4F90DD8","scenes/chapter_05_opening_move/page-01.png","page-01.png","scene","chapter_05_opening_move","rendered-page","","","true",".png","2454114","D4F90DD8102DF9ED01281F009A3E65144AEB48609A79CE396A1872C9EA5DBBC4","1024","1536","","tracked-clean","git","approved","primary;production-reference","contextual-environment","canon-constrained","Available","settled","missing","filesystem;registry","","art/graphic_novel/asset_registry.md","Chapter 5 opening conversation","characters/cassian-rho/continuity-sheet.png;characters/korin-tal/continuity-sheet.png;locations/hive-spindle-9/landscape-reference.png","","","","proofs/volume_01_the_return/sequence/012-story.png","","move","scenes/chapter_05_opening_move/approved/chapter_05_opening_move-page-01.png","",""
"2026-09-04","b24f2b55140833b0a1d56d54c2c1d46fcf479972","existing-file","GN-SCENE-CHAPTER-05-OPENING-MOVE-PAGE-02-CONTINUITY-DRAFT","GN-SCENE-CHAPTER-05-OPENING-MOVE-PAGE-02-CONTINUITY-DRAFT-PAGE-02-CONTINUITY-DRAFT-0F088DEF","scenes/chapter_05_opening_move/page-02-continuity-draft.png","page-02-continuity-draft.png","scene","chapter_05_opening_move","rendered-page","","","true",".png","2759443","0F088DEFBB3F475CC66CC167702F9768DF55D0BC96049E3D18B14E1FA26C0CF8","1024","1536","","tracked-clean","git","approved-working","primary","contextual-environment","canon-constrained","","settled","missing","filesystem","","","","characters/cassian-rho/continuity-sheet.png;characters/korin-tal/continuity-sheet.png;locations/hive-spindle-9/landscape-reference.png","","","","","","promote-after-approval","scenes/chapter_05_opening_move/candidates/phase-1/chapter_05_opening_move-page-02-continuity-draft.png","PF1-016 reconciliation",""
"2026-09-04","b24f2b55140833b0a1d56d54c2c1d46fcf479972","existing-file","GN-SCENE-CHAPTER-05-OPENING-MOVE-PAGE-02","GN-SCENE-CHAPTER-05-OPENING-MOVE-PAGE-02-PAGE-02-C05928F6","scenes/chapter_05_opening_move/page-02.png","page-02.png","scene","chapter_05_opening_move","rendered-page","","","true",".png","2591334","C05928F6CA1B9DB267EB10E83EAA0AECDD7C0047DA2C0764F3B32E7103BEF915","1024","1536","","tracked-clean","git","approved","primary;production-reference","contextual-environment","canon-constrained","Available","settled","missing","filesystem;registry","","art/graphic_novel/asset_registry.md","Chapter 5 Helios Drift disclosure","characters/cassian-rho/continuity-sheet.png;characters/korin-tal/continuity-sheet.png;locations/hive-spindle-9/landscape-reference.png","","","","proofs/volume_01_the_return/sequence/013-story.png","","move","scenes/chapter_05_opening_move/approved/chapter_05_opening_move-page-02.png","",""
"2026-09-04","b24f2b55140833b0a1d56d54c2c1d46fcf479972","existing-file","GN-SCENE-CHAPTER-06-CONTROLLED-VARIABLES-PAGE-01","GN-SCENE-CHAPTER-06-CONTROLLED-VARIABLES-PAGE-01-PAGE-01-6C14729D","scenes/chapter_06_controlled_variables/page-01.png","page-01.png","scene","chapter_06_controlled_variables","rendered-page","","","true",".png","2897150","6C14729DD79CB79F00B81778A090FE0AF9FF529700413F8732638BB409DC5379","1024","1536","","tracked-clean","git","approved","primary;production-reference","contextual-environment","canon-constrained","Available","settled","missing","filesystem;registry","","art/graphic_novel/asset_registry.md","Chapter 6, full chapter","characters/cassian-rho/continuity-sheet.png;characters/alyen-ithra/continuity-sheet.png;tech/cognitive-pattern-testing-interface/reference.png;motifs/hive-amber-alert-state/reference.png","","","","proofs/volume_01_the_return/sequence/014-story.png","","move","scenes/chapter_06_controlled_variables/approved/chapter_06_controlled_variables-page-01.png","",""
"2026-09-04","b24f2b55140833b0a1d56d54c2c1d46fcf479972","existing-file","GN-SCENE-CHAPTER-07-THE-SEAM-PAGE-01-CONTINUITY-DRAFT","GN-SCENE-CHAPTER-07-THE-SEAM-PAGE-01-CONTINUITY-DRAFT-PAGE-01-CONTINUITY-DRAFT-7CB75BF0","scenes/chapter_07_the_seam/page-01-continuity-draft.png","page-01-continuity-draft.png","scene","chapter_07_the_seam","rendered-page","","","true",".png","2511369","7CB75BF092339317745C963C840E9ABBB298DD35B9016A8D0DAC78A2F2E491A1","1024","1536","","tracked-clean","git","approved-working","primary","contextual-environment","canon-constrained","","settled","missing","filesystem","","","","characters/cassian-rho/continuity-sheet.png;characters/alyen-ithra/continuity-sheet.png;locations/hive-spindle-9/landscape-reference.png","","","","","","promote-after-approval","scenes/chapter_07_the_seam/candidates/phase-1/chapter_07_the_seam-page-01-continuity-draft.png","PF1-016 reconciliation",""
"2026-09-04","b24f2b55140833b0a1d56d54c2c1d46fcf479972","existing-file","GN-SCENE-CHAPTER-07-THE-SEAM-PAGE-01","GN-SCENE-CHAPTER-07-THE-SEAM-PAGE-01-PAGE-01-CE2C4BD6","scenes/chapter_07_the_seam/page-01.png","page-01.png","scene","chapter_07_the_seam","rendered-page","","","true",".png","2355230","CE2C4BD6E13961E9E056F8763BB66E57BE024076779F87A4C817E6B3B2B1EEBC","1024","1536","","tracked-clean","git","approved","primary;production-reference","contextual-environment","canon-constrained","Available","settled","missing","filesystem;registry","","art/graphic_novel/asset_registry.md","Chapter 7 escape setup","characters/cassian-rho/continuity-sheet.png;characters/alyen-ithra/continuity-sheet.png;locations/hive-spindle-9/landscape-reference.png","","","","proofs/volume_01_the_return/sequence/015-story.png","","move","scenes/chapter_07_the_seam/approved/chapter_07_the_seam-page-01.png","",""
"2026-09-04","b24f2b55140833b0a1d56d54c2c1d46fcf479972","existing-file","GN-SCENE-CHAPTER-07-THE-SEAM-PAGE-02","GN-SCENE-CHAPTER-07-THE-SEAM-PAGE-02-PAGE-02-3E32912D","scenes/chapter_07_the_seam/page-02.png","page-02.png","scene","chapter_07_the_seam","rendered-page","","","true",".png","2803921","3E32912DEB82E630F8B2A9A4C70174D6EDC58990772596B6DEF1D26569FDEA90","1024","1536","","tracked-clean","git","approved","primary;production-reference","contextual-environment","canon-constrained","Available","settled","missing","filesystem;registry","","art/graphic_novel/asset_registry.md","Chapter 7 breach and aftermath","characters/cassian-rho/continuity-sheet.png;characters/alyen-ithra/continuity-sheet.png;locations/hive-spindle-9/landscape-reference.png","","","","proofs/volume_01_the_return/sequence/016-story.png","","move","scenes/chapter_07_the_seam/approved/chapter_07_the_seam-page-02.png","",""
"2026-09-04","b24f2b55140833b0a1d56d54c2c1d46fcf479972","existing-file","GN-SCENE-CHAPTER-08-THE-DROP-PAGE-01","GN-SCENE-CHAPTER-08-THE-DROP-PAGE-01-PAGE-01-890E5356","scenes/chapter_08_the_drop/page-01.png","page-01.png","scene","chapter_08_the_drop","rendered-page","","","true",".png","2987192","890E53560768FD6836C6B5B69B8E8F5FC9577A3B8C72DCDF24EFDD400C95F9BB","1024","1536","","tracked-clean","git","approved","primary;production-reference","contextual-environment","canon-constrained","Available","settled","missing","filesystem;registry","","art/graphic_novel/asset_registry.md","Chapter 8 shaft drop","characters/cassian-rho/continuity-sheet.png;chapter_01_wakeup/continuity-sheet.png","","","","proofs/volume_01_the_return/sequence/018-story.png","","move","scenes/chapter_08_the_drop/approved/chapter_08_the_drop-page-01.png","",""
"2026-09-04","b24f2b55140833b0a1d56d54c2c1d46fcf479972","existing-file","GN-SCENE-CHAPTER-08-THE-DROP-PAGE-02","GN-SCENE-CHAPTER-08-THE-DROP-PAGE-02-PAGE-02-E9E30F61","scenes/chapter_08_the_drop/page-02.png","page-02.png","scene","chapter_08_the_drop","rendered-page","","","true",".png","3063124","E9E30F61D5D8CCC2991E883DBBD5BCA323D4279594BFA1A17E563653EE0378E2","1024","1536","","tracked-clean","git","approved","primary;production-reference","contextual-environment","canon-constrained","Available","settled","missing","filesystem;registry","","art/graphic_novel/asset_registry.md","Chapter 8 alien combat memory","characters/cassian-rho/continuity-sheet.png;chapter_01_wakeup/continuity-sheet.png","","","","proofs/volume_01_the_return/sequence/019-story.png","","move","scenes/chapter_08_the_drop/approved/chapter_08_the_drop-page-02.png","",""
"2026-09-04","b24f2b55140833b0a1d56d54c2c1d46fcf479972","existing-file","GN-SCENE-CHAPTER-09-FRACTURES-IN-THE-CORE-PAGE-01","GN-SCENE-CHAPTER-09-FRACTURES-IN-THE-CORE-PAGE-01-PAGE-01-FC0F1853","scenes/chapter_09_fractures_in_the_core/page-01.png","page-01.png","scene","chapter_09_fractures_in_the_core","rendered-page","","","true",".png","3049955","FC0F18531575C3296CDDF7F829C7C313907B161157BC6595F2786852750F0B18","1024","1536","","tracked-clean","git","approved","primary;production-reference","contextual-environment","canon-constrained","Available","settled","missing","filesystem;registry","","art/graphic_novel/asset_registry.md","Chapter 9, full chapter","characters/cassian-rho/continuity-sheet.png;characters/thena/continuity-sheet.png;locations/broken-clinic/landscape-reference.png","","","","proofs/volume_01_the_return/sequence/020-story.png","","move","scenes/chapter_09_fractures_in_the_core/approved/chapter_09_fractures_in_the_core-page-01.png","",""
"2026-09-04","b24f2b55140833b0a1d56d54c2c1d46fcf479972","existing-file","GN-SCENE-CHAPTER-10-SIGNAL-TO-NOISE-PAGE-01-COMPOSITION-DRAFT","GN-SCENE-CHAPTER-10-SIGNAL-TO-NOISE-PAGE-01-COMPOSITION-DRAFT-PAGE-01-COMPOSITION-DRAFT-2C897B07","scenes/chapter_10_signal_to_noise/page-01-composition-draft.png","page-01-composition-draft.png","scene","chapter_10_signal_to_noise","rendered-page","","","true",".png","3015070","2C897B07C9C6D2BAE1216F6E4642502C961E38A21E49B2672080873FEE6CCD21","1024","1536","","tracked-clean","git","approved-working","primary","contextual-environment","canon-constrained","","settled","missing","filesystem","","","","characters/cassian-rho/continuity-sheet.png;characters/thena/continuity-sheet.png;locations/lower-grid-lanes-between-signals/landscape-reference.png","","","","","","promote-after-approval","scenes/chapter_10_signal_to_noise/candidates/phase-1/chapter_10_signal_to_noise-page-01-composition-draft.png","PF1-016 reconciliation",""
"2026-09-04","b24f2b55140833b0a1d56d54c2c1d46fcf479972","existing-file","GN-SCENE-CHAPTER-10-SIGNAL-TO-NOISE-PAGE-01-DIALOGUE-DRAFT","GN-SCENE-CHAPTER-10-SIGNAL-TO-NOISE-PAGE-01-DIALOGUE-DRAFT-PAGE-01-DIALOGUE-DRAFT-ED2450FF","scenes/chapter_10_signal_to_noise/page-01-dialogue-draft.png","page-01-dialogue-draft.png","scene","chapter_10_signal_to_noise","rendered-page","","","true",".png","3209593","ED2450FFDEE88E2BB9521E914C5EB5F654E18F4E85C2014C0C8BC1CDD5E78B88","1024","1536","","tracked-clean","git","approved-working","primary","contextual-environment","canon-constrained","","settled","missing","filesystem","","","","characters/cassian-rho/continuity-sheet.png;characters/thena/continuity-sheet.png;locations/lower-grid-lanes-between-signals/landscape-reference.png","","","","","","promote-after-approval","scenes/chapter_10_signal_to_noise/candidates/phase-1/chapter_10_signal_to_noise-page-01-dialogue-draft.png","PF1-016 reconciliation",""
"2026-09-04","b24f2b55140833b0a1d56d54c2c1d46fcf479972","existing-file","GN-SCENE-CHAPTER-10-SIGNAL-TO-NOISE-PAGE-01","GN-SCENE-CHAPTER-10-SIGNAL-TO-NOISE-PAGE-01-PAGE-01-B8BBCD23","scenes/chapter_10_signal_to_noise/page-01.png","page-01.png","scene","chapter_10_signal_to_noise","rendered-page","","","true",".png","3000746","B8BBCD23097CBA76BCB39C79BF17857F09FD0E5F0E44C97D069CEA78B4D927F2","1024","1536","","tracked-clean","git","approved","primary;production-reference","contextual-environment","canon-constrained","Available","settled","missing","filesystem;registry","","art/graphic_novel/asset_registry.md","Chapter 10 tactical setup","characters/cassian-rho/continuity-sheet.png;characters/thena/continuity-sheet.png;locations/lower-grid-lanes-between-signals/landscape-reference.png","","","","proofs/volume_01_the_return/sequence/021-story.png","","move","scenes/chapter_10_signal_to_noise/approved/chapter_10_signal_to_noise-page-01.png","",""
"2026-09-04","b24f2b55140833b0a1d56d54c2c1d46fcf479972","existing-file","GN-SCENE-CHAPTER-10-SIGNAL-TO-NOISE-PAGE-02","GN-SCENE-CHAPTER-10-SIGNAL-TO-NOISE-PAGE-02-PAGE-02-9C6D96E9","scenes/chapter_10_signal_to_noise/page-02.png","page-02.png","scene","chapter_10_signal_to_noise","rendered-page","","","true",".png","3267841","9C6D96E9D0D99653FBB6825FFB947397C5CE65B10BB9329A8DD2C68984F78217","1024","1536","","tracked-clean","git","approved","primary;production-reference","contextual-environment","canon-constrained","Available","settled","missing","filesystem;registry","","art/graphic_novel/asset_registry.md","Chapter 10 ambush","characters/cassian-rho/continuity-sheet.png;characters/thena/continuity-sheet.png;locations/lower-grid-lanes-between-signals/landscape-reference.png","","","","proofs/volume_01_the_return/sequence/022-story.png","","move","scenes/chapter_10_signal_to_noise/approved/chapter_10_signal_to_noise-page-02.png","",""
"2026-09-04","b24f2b55140833b0a1d56d54c2c1d46fcf479972","existing-file","GN-SCENE-CHAPTER-11-CONTINGENCIES-LETTERING-SPEC","GN-SCENE-CHAPTER-11-CONTINGENCIES-LETTERING-SPEC-CURRENT-955DE17F","scenes/chapter_11_contingencies/lettering-spec.md","lettering-spec.md","scene","chapter_11_contingencies","lettering-specification","","","true",".md","2997","955DE17F75844AF4C0BAEF2DB6299BC033CF472D9BB25322F1906ECECB69D8D3","","","","tracked-clean","git","approved","record","none","not-applicable","","settled","","filesystem;manual-inference","Document role is inferred from its location, title, and declared status.","","","characters/korin-tal/continuity-sheet.png;characters/alyen-ithra/continuity-sheet.png;locations/central-cognition-sector/landscape-reference.png;motifs/hive-integration-density-planetary-map/reference.png;locations/spindle-31-checkpoint/landscape-reference.png","","","","","","leave","scenes/chapter_11_contingencies/lettering-spec.md","",""
"2026-09-04","b24f2b55140833b0a1d56d54c2c1d46fcf479972","existing-file","GN-SCENE-CHAPTER-11-CONTINGENCIES-PAGE-01","GN-SCENE-CHAPTER-11-CONTINGENCIES-PAGE-01-PAGE-01-AAED3FC6","scenes/chapter_11_contingencies/page-01.png","page-01.png","scene","chapter_11_contingencies","rendered-page","","","true",".png","2880749","AAED3FC694B191C680BC37E20DB97FBD114BE0981A27CB5C73410B5D4EDBB87B","1024","1536","","tracked-clean","git","approved","primary;production-reference","contextual-environment","canon-constrained","Available","settled","missing","filesystem;registry","","art/graphic_novel/asset_registry.md","Chapter 11, scene 11.1","characters/korin-tal/continuity-sheet.png;characters/alyen-ithra/continuity-sheet.png;locations/central-cognition-sector/landscape-reference.png;motifs/hive-integration-density-planetary-map/reference.png;locations/spindle-31-checkpoint/landscape-reference.png","","","","proofs/volume_01_the_return/sequence/023-story.png","","move","scenes/chapter_11_contingencies/approved/chapter_11_contingencies-page-01.png","",""
"2026-09-04","b24f2b55140833b0a1d56d54c2c1d46fcf479972","existing-file","GN-SCENE-CHAPTER-11-CONTINGENCIES-PAGE-02","GN-SCENE-CHAPTER-11-CONTINGENCIES-PAGE-02-PAGE-02-67142C01","scenes/chapter_11_contingencies/page-02.png","page-02.png","scene","chapter_11_contingencies","rendered-page","","","true",".png","3036530","67142C01A176DB025BA453EA968F707813ECC1141F7D6A1A1899FFD1DAE22227","1024","1536","","tracked-clean","git","approved","primary;production-reference","contextual-environment","canon-constrained","Available","settled","missing","filesystem;registry","","art/graphic_novel/asset_registry.md","Chapter 11, scene 11.2","characters/korin-tal/continuity-sheet.png;characters/alyen-ithra/continuity-sheet.png;locations/central-cognition-sector/landscape-reference.png;motifs/hive-integration-density-planetary-map/reference.png;locations/spindle-31-checkpoint/landscape-reference.png","","","","proofs/volume_01_the_return/sequence/024-story.png","","move","scenes/chapter_11_contingencies/approved/chapter_11_contingencies-page-02.png","",""
"2026-09-04","b24f2b55140833b0a1d56d54c2c1d46fcf479972","existing-file","GN-SCENE-CHAPTER-11-CONTINGENCIES-PAGE-03","GN-SCENE-CHAPTER-11-CONTINGENCIES-PAGE-03-PAGE-03-995533D7","scenes/chapter_11_contingencies/page-03.png","page-03.png","scene","chapter_11_contingencies","rendered-page","","","true",".png","2768910","995533D7B59D4E777DA174E9E36E3F3DE44A1D9841200738BBC91D14A34BB609","1024","1536","","tracked-clean","git","approved","primary;production-reference","contextual-environment","canon-constrained","Available","settled","missing","filesystem;registry","","art/graphic_novel/asset_registry.md","Chapter 11, scene 11.3","characters/korin-tal/continuity-sheet.png;characters/alyen-ithra/continuity-sheet.png;locations/central-cognition-sector/landscape-reference.png;motifs/hive-integration-density-planetary-map/reference.png;locations/spindle-31-checkpoint/landscape-reference.png","","","","proofs/volume_01_the_return/sequence/025-story.png","","move","scenes/chapter_11_contingencies/approved/chapter_11_contingencies-page-03.png","",""
"2026-09-04","b24f2b55140833b0a1d56d54c2c1d46fcf479972","existing-file","GN-SCENE-CHAPTER-12-LANES-BETWEEN-SIGNALS-LETTERING-SPEC","GN-SCENE-CHAPTER-12-LANES-BETWEEN-SIGNALS-LETTERING-SPEC-CURRENT-50BA480B","scenes/chapter_12_lanes_between_signals/lettering-spec.md","lettering-spec.md","scene","chapter_12_lanes_between_signals","lettering-specification","","","true",".md","2771","50BA480BE1765D506B8678A9198160747BA26D644FCDD286BD7194D60608B4D3","","","","tracked-clean","git","approved","record","none","not-applicable","","settled","","filesystem;manual-inference","Document role is inferred from its location, title, and declared status.","","","characters/cassian-rho/continuity-sheet.png;characters/thena/continuity-sheet.png;locations/lower-grid-lanes-between-signals/landscape-reference.png;locations/lower-grid-market/landscape-reference.png","","","","","","leave","scenes/chapter_12_lanes_between_signals/lettering-spec.md","",""
"2026-09-04","b24f2b55140833b0a1d56d54c2c1d46fcf479972","existing-file","GN-SCENE-CHAPTER-12-LANES-BETWEEN-SIGNALS-PAGE-01","GN-SCENE-CHAPTER-12-LANES-BETWEEN-SIGNALS-PAGE-01-PAGE-01-728F415E","scenes/chapter_12_lanes_between_signals/page-01.png","page-01.png","scene","chapter_12_lanes_between_signals","rendered-page","","","true",".png","2877738","728F415EE180B2CDB7988A98B6980110E72379216CC5CD850C26BFD033658328","1024","1536","","tracked-clean","git","approved","primary;production-reference","contextual-environment","canon-constrained","Available","settled","missing","filesystem;registry","","art/graphic_novel/asset_registry.md","Chapter 12, scenes 12.1-12.2","characters/cassian-rho/continuity-sheet.png;characters/thena/continuity-sheet.png;locations/lower-grid-lanes-between-signals/landscape-reference.png;locations/lower-grid-market/landscape-reference.png","","","","proofs/volume_01_the_return/sequence/026-story.png","","move","scenes/chapter_12_lanes_between_signals/approved/chapter_12_lanes_between_signals-page-01.png","",""
"2026-09-04","b24f2b55140833b0a1d56d54c2c1d46fcf479972","existing-file","GN-SCENE-CHAPTER-12-LANES-BETWEEN-SIGNALS-PAGE-02","GN-SCENE-CHAPTER-12-LANES-BETWEEN-SIGNALS-PAGE-02-PAGE-02-E298D8C2","scenes/chapter_12_lanes_between_signals/page-02.png","page-02.png","scene","chapter_12_lanes_between_signals","rendered-page","","","true",".png","2993495","E298D8C2396FD1AD75CF527A40ACF6AB91A2A49FE9CA09D8A7F20E63FB52962F","1024","1536","","tracked-clean","git","approved","primary;production-reference","contextual-environment","canon-constrained","Available","settled","missing","filesystem;registry","","art/graphic_novel/asset_registry.md","Chapter 12, scene 12.3","characters/cassian-rho/continuity-sheet.png;characters/thena/continuity-sheet.png;locations/lower-grid-lanes-between-signals/landscape-reference.png;locations/lower-grid-market/landscape-reference.png","","","","proofs/volume_01_the_return/sequence/027-story.png","","move","scenes/chapter_12_lanes_between_signals/approved/chapter_12_lanes_between_signals-page-02.png","",""
"2026-09-04","b24f2b55140833b0a1d56d54c2c1d46fcf479972","existing-file","GN-SCENE-CHAPTER-12-LANES-BETWEEN-SIGNALS-PAGE-03","GN-SCENE-CHAPTER-12-LANES-BETWEEN-SIGNALS-PAGE-03-PAGE-03-DD2DC58D","scenes/chapter_12_lanes_between_signals/page-03.png","page-03.png","scene","chapter_12_lanes_between_signals","rendered-page","","","true",".png","3018459","DD2DC58DE65A10457F52D6B32651A5CCD55E8914C499AEA46F6CF07196948D03","1024","1536","","tracked-clean","git","approved","primary;production-reference","contextual-environment","canon-constrained","Available","settled","missing","filesystem;registry","","art/graphic_novel/asset_registry.md","Chapter 12, scene 12.3","characters/cassian-rho/continuity-sheet.png;characters/thena/continuity-sheet.png;locations/lower-grid-lanes-between-signals/landscape-reference.png;locations/lower-grid-market/landscape-reference.png","","","","proofs/volume_01_the_return/sequence/028-story.png","","move","scenes/chapter_12_lanes_between_signals/approved/chapter_12_lanes_between_signals-page-03.png","",""
"2026-09-04","b24f2b55140833b0a1d56d54c2c1d46fcf479972","existing-file","GN-SCENE-CHAPTER-13-SEQUENCE","GN-SCENE-CHAPTER-13-SEQUENCE-CURRENT-3BADDFB8","scenes/chapter_13_sequence.md","chapter_13_sequence.md","scene","chapter_13_sequence","governing-document","","","true",".md","831","3BADDFB8C1A39DC46FAF028B36309502A214627CA88E3872134A79D5C1432B69","","","","tracked-clean","git","approved","governing-document","none","not-applicable","","settled","","filesystem;manual-inference","Document role is inferred from its location, title, and declared status.","","","","","","","","","leave","scenes/chapter_13_sequence.md","",""
"2026-09-04","b24f2b55140833b0a1d56d54c2c1d46fcf479972","existing-file","GN-SCENE-CHAPTER-13-SOFT-EDGE-LETTERING-SPEC","GN-SCENE-CHAPTER-13-SOFT-EDGE-LETTERING-SPEC-CURRENT-00BB7E60","scenes/chapter_13_soft_edge/lettering-spec.md","lettering-spec.md","scene","chapter_13_soft_edge","lettering-specification","","","true",".md","3424","00BB7E608714B00B57F16B47C0C5F0F24BDAAE2464E40883EC35A62571AE7801","","","","tracked-clean","git","approved","record","none","not-applicable","","settled","","filesystem;manual-inference","Document role is inferred from its location, title, and declared status.","","","characters/cassian-rho/continuity-sheet.png;characters/thena/continuity-sheet.png;characters/gor-of-almelah/continuity-sheet.png;locations/rain-sector-ambush/landscape-reference.png","","","","","","leave","scenes/chapter_13_soft_edge/lettering-spec.md","",""
"2026-09-04","b24f2b55140833b0a1d56d54c2c1d46fcf479972","existing-file","GN-SCENE-CHAPTER-13-SOFT-EDGE-PAGE-01","GN-SCENE-CHAPTER-13-SOFT-EDGE-PAGE-01-PAGE-01-00EAD664","scenes/chapter_13_soft_edge/page-01.png","page-01.png","scene","chapter_13_soft_edge","rendered-page","","","true",".png","3081536","00EAD664B032EA12C33539B478A0EA68075972BDAF9E7937850C277E43305AE6","1024","1536","","tracked-clean","git","approved","primary;production-reference","contextual-environment","canon-constrained","Available","settled","missing","filesystem;registry","","art/graphic_novel/asset_registry.md","Chapter 13, lines 1-29","characters/cassian-rho/continuity-sheet.png;characters/thena/continuity-sheet.png;characters/gor-of-almelah/continuity-sheet.png;locations/rain-sector-ambush/landscape-reference.png","","","","proofs/volume_01_the_return/sequence/030-story.png","","move","scenes/chapter_13_soft_edge/approved/chapter_13_soft_edge-page-01.png","",""
"2026-09-04","b24f2b55140833b0a1d56d54c2c1d46fcf479972","existing-file","GN-SCENE-CHAPTER-13-SOFT-EDGE-PAGE-02","GN-SCENE-CHAPTER-13-SOFT-EDGE-PAGE-02-PAGE-02-05F359C0","scenes/chapter_13_soft_edge/page-02.png","page-02.png","scene","chapter_13_soft_edge","rendered-page","","","true",".png","3177296","05F359C0CAB323D473DFDBF6A673DE76A0942AE9019E2B9DDFF030A86D13CEA2","1024","1536","","tracked-clean","git","approved","primary;production-reference","contextual-environment","canon-constrained","Available","settled","missing","filesystem;registry","","art/graphic_novel/asset_registry.md","Chapter 13, lines 31-69","characters/cassian-rho/continuity-sheet.png;characters/thena/continuity-sheet.png;characters/gor-of-almelah/continuity-sheet.png;locations/rain-sector-ambush/landscape-reference.png","","","","proofs/volume_01_the_return/sequence/031-story.png","","move","scenes/chapter_13_soft_edge/approved/chapter_13_soft_edge-page-02.png","",""
"2026-09-04","b24f2b55140833b0a1d56d54c2c1d46fcf479972","existing-file","GN-SCENE-CHAPTER-13-SOFT-EDGE-PAGE-03","GN-SCENE-CHAPTER-13-SOFT-EDGE-PAGE-03-PAGE-03-D7D66734","scenes/chapter_13_soft_edge/page-03.png","page-03.png","scene","chapter_13_soft_edge","rendered-page","","","true",".png","3214600","D7D66734F08FF25C8FCFDFD2610453062D1495A0B070F180E131F01B4463B51C","1024","1536","","tracked-clean","git","approved","primary;production-reference","contextual-environment","canon-constrained","Available","settled","missing","filesystem;registry","","art/graphic_novel/asset_registry.md","Chapter 13, lines 71-135","characters/cassian-rho/continuity-sheet.png;characters/thena/continuity-sheet.png;characters/gor-of-almelah/continuity-sheet.png;locations/rain-sector-ambush/landscape-reference.png","","","","proofs/volume_01_the_return/sequence/032-story.png","","move","scenes/chapter_13_soft_edge/approved/chapter_13_soft_edge-page-03.png","",""
"2026-09-04","b24f2b55140833b0a1d56d54c2c1d46fcf479972","existing-file","GN-SCENE-CHAPTER-14-BROKEN-CLINIC-LETTERING-SPEC","GN-SCENE-CHAPTER-14-BROKEN-CLINIC-LETTERING-SPEC-CURRENT-4CE1B405","scenes/chapter_14_broken_clinic/lettering-spec.md","lettering-spec.md","scene","chapter_14_broken_clinic","lettering-specification","","","true",".md","4569","4CE1B405277427F9BA8227E45E236A5112FFC008838036600B461183C3A31070","","","","tracked-clean","git","approved","record","none","not-applicable","","settled","","filesystem;manual-inference","Document role is inferred from its location, title, and declared status.","","","characters/cassian-rho/continuity-sheet.png;characters/thena/continuity-sheet.png;characters/gor-of-almelah/continuity-sheet.png;characters/broken-clinic-leader-and-guard/continuity-sheet.png;locations/broken-clinic/landscape-reference.png","","","","","","leave","scenes/chapter_14_broken_clinic/lettering-spec.md","",""
"2026-09-04","b24f2b55140833b0a1d56d54c2c1d46fcf479972","existing-file","GN-SCENE-CHAPTER-14-BROKEN-CLINIC-PAGE-01","GN-SCENE-CHAPTER-14-BROKEN-CLINIC-PAGE-01-PAGE-01-CC4AE85A","scenes/chapter_14_broken_clinic/page-01.png","page-01.png","scene","chapter_14_broken_clinic","rendered-page","","","true",".png","3133167","CC4AE85AED40D15C6BB53026B4DB51ED263DAD3360F01B7AEB7CD4AF0EA217E1","1024","1536","","tracked-clean","git","approved","primary;production-reference","contextual-environment","canon-constrained","Available","settled","missing","filesystem;registry","","art/graphic_novel/asset_registry.md","Chapter 14, lines 1-45","characters/cassian-rho/continuity-sheet.png;characters/thena/continuity-sheet.png;characters/gor-of-almelah/continuity-sheet.png;characters/broken-clinic-leader-and-guard/continuity-sheet.png;locations/broken-clinic/landscape-reference.png","","","","proofs/volume_01_the_return/sequence/033-story.png","","move","scenes/chapter_14_broken_clinic/approved/chapter_14_broken_clinic-page-01.png","",""
"2026-09-04","b24f2b55140833b0a1d56d54c2c1d46fcf479972","existing-file","GN-SCENE-CHAPTER-14-BROKEN-CLINIC-PAGE-02","GN-SCENE-CHAPTER-14-BROKEN-CLINIC-PAGE-02-PAGE-02-BD70DC8E","scenes/chapter_14_broken_clinic/page-02.png","page-02.png","scene","chapter_14_broken_clinic","rendered-page","","","true",".png","2995628","BD70DC8E3B7820303448F86915ED3946B4547816AB0620E8941E3F7241514540","1024","1536","","tracked-clean","git","approved","primary;production-reference","contextual-environment","canon-constrained","Available","settled","missing","filesystem;registry","","art/graphic_novel/asset_registry.md","Chapter 14, lines 47-87","characters/cassian-rho/continuity-sheet.png;characters/thena/continuity-sheet.png;characters/gor-of-almelah/continuity-sheet.png;characters/broken-clinic-leader-and-guard/continuity-sheet.png;locations/broken-clinic/landscape-reference.png","","","","proofs/volume_01_the_return/sequence/034-story.png","","move","scenes/chapter_14_broken_clinic/approved/chapter_14_broken_clinic-page-02.png","",""
"2026-09-04","b24f2b55140833b0a1d56d54c2c1d46fcf479972","existing-file","GN-SCENE-CHAPTER-14-BROKEN-CLINIC-PAGE-03","GN-SCENE-CHAPTER-14-BROKEN-CLINIC-PAGE-03-PAGE-03-8CE28AC1","scenes/chapter_14_broken_clinic/page-03.png","page-03.png","scene","chapter_14_broken_clinic","rendered-page","","","true",".png","3043860","8CE28AC1375E01C13F05EA9689B5A401C5B0355C16C1F5E2331E551315EED5D7","1024","1536","","tracked-clean","git","approved","primary;production-reference","contextual-environment","canon-constrained","Available","settled","missing","filesystem;registry","","art/graphic_novel/asset_registry.md","Chapter 14, lines 89-117","characters/cassian-rho/continuity-sheet.png;characters/thena/continuity-sheet.png;characters/gor-of-almelah/continuity-sheet.png;characters/broken-clinic-leader-and-guard/continuity-sheet.png;locations/broken-clinic/landscape-reference.png","","","","proofs/volume_01_the_return/sequence/035-story.png","","move","scenes/chapter_14_broken_clinic/approved/chapter_14_broken_clinic-page-03.png","",""
"2026-09-04","b24f2b55140833b0a1d56d54c2c1d46fcf479972","existing-file","GN-SCENE-CHAPTER-14-SEQUENCE","GN-SCENE-CHAPTER-14-SEQUENCE-CURRENT-4B4D6B76","scenes/chapter_14_sequence.md","chapter_14_sequence.md","scene","chapter_14_sequence","governing-document","","","true",".md","861","4B4D6B7611EA0AFC0063D9C527A7B7BB55F6CB45CE5C0C737B709E84DDA4F59B","","","","tracked-clean","git","approved","governing-document","none","not-applicable","","settled","","filesystem;manual-inference","Document role is inferred from its location, title, and declared status.","","","","","","","","","leave","scenes/chapter_14_sequence.md","",""
"2026-09-04","b24f2b55140833b0a1d56d54c2c1d46fcf479972","existing-file","GN-SCENE-CHAPTER-15-ALMELAH-DOJO-LETTERING-SPEC","GN-SCENE-CHAPTER-15-ALMELAH-DOJO-LETTERING-SPEC-CURRENT-B673C9C7","scenes/chapter_15_almelah_dojo/lettering-spec.md","lettering-spec.md","scene","chapter_15_almelah_dojo","lettering-specification","","","true",".md","3688","B673C9C742E7800BC03680F336CA07FBF384F47F0DC37CA89AC559C1A665BD66","","","","tracked-clean","git","approved","record","none","not-applicable","","settled","","filesystem;manual-inference","Document role is inferred from its location, title, and declared status.","","","characters/cassian-rho/continuity-sheet.png;characters/gor-of-almelah/continuity-sheet-young.png;characters/almelah-dojo-master/continuity-sheet.png;locations/almelah-dojo-memory/landscape-reference.png","","","","","","leave","scenes/chapter_15_almelah_dojo/lettering-spec.md","",""
"2026-09-04","b24f2b55140833b0a1d56d54c2c1d46fcf479972","existing-file","GN-SCENE-CHAPTER-15-ALMELAH-DOJO-PAGE-01","GN-SCENE-CHAPTER-15-ALMELAH-DOJO-PAGE-01-PAGE-01-3D10FD3F","scenes/chapter_15_almelah_dojo/page-01.png","page-01.png","scene","chapter_15_almelah_dojo","rendered-page","","","true",".png","2874622","3D10FD3F0CF91917E9604F44A17ECA48133CF3A8614AF68ADE4E7DA63FF6BD42","1024","1536","","tracked-clean","git","approved","primary;production-reference","contextual-environment","canon-constrained","Available","settled","missing","filesystem;registry","","art/graphic_novel/asset_registry.md","Chapter 15, scene 15.2","characters/cassian-rho/continuity-sheet.png;characters/gor-of-almelah/continuity-sheet-young.png;characters/almelah-dojo-master/continuity-sheet.png;locations/almelah-dojo-memory/landscape-reference.png","","","","proofs/volume_01_the_return/sequence/037-story.png","","move","scenes/chapter_15_almelah_dojo/approved/chapter_15_almelah_dojo-page-01.png","",""
"2026-09-04","b24f2b55140833b0a1d56d54c2c1d46fcf479972","existing-file","GN-SCENE-CHAPTER-15-ALMELAH-DOJO-PAGE-02","GN-SCENE-CHAPTER-15-ALMELAH-DOJO-PAGE-02-PAGE-02-C17A7BB5","scenes/chapter_15_almelah_dojo/page-02.png","page-02.png","scene","chapter_15_almelah_dojo","rendered-page","","","true",".png","2597043","C17A7BB588BED92CEABC573BB0CC3BE5D99B25FDF3A992EE1C284F14688DEAB5","1024","1536","","tracked-clean","git","approved","primary;production-reference","contextual-environment","canon-constrained","Available","settled","missing","filesystem;registry","","art/graphic_novel/asset_registry.md","Chapter 15, scene 15.2","characters/cassian-rho/continuity-sheet.png;characters/gor-of-almelah/continuity-sheet-young.png;characters/almelah-dojo-master/continuity-sheet.png;locations/almelah-dojo-memory/landscape-reference.png","","","","proofs/volume_01_the_return/sequence/038-story.png","","move","scenes/chapter_15_almelah_dojo/approved/chapter_15_almelah_dojo-page-02.png","",""
"2026-09-04","b24f2b55140833b0a1d56d54c2c1d46fcf479972","existing-file","GN-SCENE-CHAPTER-15-ALMELAH-DOJO-PAGE-03","GN-SCENE-CHAPTER-15-ALMELAH-DOJO-PAGE-03-PAGE-03-D381ED4B","scenes/chapter_15_almelah_dojo/page-03.png","page-03.png","scene","chapter_15_almelah_dojo","rendered-page","","","true",".png","2863630","D381ED4B1F1E499D14708DC16AD6AD40AF63C7CDEB57CC840E5821217F76D8A1","1024","1536","","tracked-clean","git","approved","primary;production-reference","contextual-environment","canon-constrained","Available","settled","missing","filesystem;registry","","art/graphic_novel/asset_registry.md","Chapter 15, scene 15.3","characters/cassian-rho/continuity-sheet.png;characters/gor-of-almelah/continuity-sheet-young.png;characters/almelah-dojo-master/continuity-sheet.png;locations/almelah-dojo-memory/landscape-reference.png","","","","proofs/volume_01_the_return/sequence/039-story.png","","move","scenes/chapter_15_almelah_dojo/approved/chapter_15_almelah_dojo-page-03.png","",""
"2026-09-04","b24f2b55140833b0a1d56d54c2c1d46fcf479972","existing-file","GN-SCENE-CHAPTER-15-ALMELAH-FALL-LETTERING-SPEC","GN-SCENE-CHAPTER-15-ALMELAH-FALL-LETTERING-SPEC-CURRENT-76DED7B7","scenes/chapter_15_almelah_fall/lettering-spec.md","lettering-spec.md","scene","chapter_15_almelah_fall","lettering-specification","","","true",".md","3262","76DED7B743B019D1049094568E6CC50B7C8AA7AC71CFB2D9037A547FE5BE6F85","","","","tracked-clean","git","approved","record","none","not-applicable","","settled","","filesystem;manual-inference","Document role is inferred from its location, title, and declared status.","","","characters/gor-of-almelah/continuity-sheet-young.png;characters/almelah-dojo-master/continuity-sheet.png;locations/almelah-dojo-memory/landscape-reference.png","","","","","","leave","scenes/chapter_15_almelah_fall/lettering-spec.md","",""
"2026-09-04","b24f2b55140833b0a1d56d54c2c1d46fcf479972","existing-file","GN-SCENE-CHAPTER-15-ALMELAH-FALL-PAGE-01","GN-SCENE-CHAPTER-15-ALMELAH-FALL-PAGE-01-PAGE-01-4CF6CB57","scenes/chapter_15_almelah_fall/page-01.png","page-01.png","scene","chapter_15_almelah_fall","rendered-page","","","true",".png","2797767","4CF6CB57CB6DBDA0E92B6CF7648887EA5D841670A2759FB5B924F97C513394DA","1024","1536","","tracked-clean","git","approved","primary;production-reference","contextual-environment","canon-constrained","Available","settled","missing","filesystem;registry","","art/graphic_novel/asset_registry.md","Chapter 15, scene 15.5","characters/gor-of-almelah/continuity-sheet-young.png;characters/almelah-dojo-master/continuity-sheet.png;locations/almelah-dojo-memory/landscape-reference.png","","","","proofs/volume_01_the_return/sequence/042-story.png","","move","scenes/chapter_15_almelah_fall/approved/chapter_15_almelah_fall-page-01.png","",""
"2026-09-04","b24f2b55140833b0a1d56d54c2c1d46fcf479972","existing-file","GN-SCENE-CHAPTER-15-ALMELAH-FALL-PAGE-02","GN-SCENE-CHAPTER-15-ALMELAH-FALL-PAGE-02-PAGE-02-08F037B5","scenes/chapter_15_almelah_fall/page-02.png","page-02.png","scene","chapter_15_almelah_fall","rendered-page","","","true",".png","2770562","08F037B563357335F0FF06F3F00F3876EF646F3070E65ACC3B25AF55B1B6528D","1024","1536","","tracked-clean","git","approved","primary;production-reference","contextual-environment","canon-constrained","Available","settled","missing","filesystem;registry","","art/graphic_novel/asset_registry.md","Chapter 15, scene 15.5","characters/gor-of-almelah/continuity-sheet-young.png;characters/almelah-dojo-master/continuity-sheet.png;locations/almelah-dojo-memory/landscape-reference.png","","","","proofs/volume_01_the_return/sequence/043-story.png","","move","scenes/chapter_15_almelah_fall/approved/chapter_15_almelah_fall-page-02.png","",""
"2026-09-04","b24f2b55140833b0a1d56d54c2c1d46fcf479972","existing-file","GN-SCENE-CHAPTER-15-ALMELAH-FALL-PAGE-03","GN-SCENE-CHAPTER-15-ALMELAH-FALL-PAGE-03-PAGE-03-9C4EBE44","scenes/chapter_15_almelah_fall/page-03.png","page-03.png","scene","chapter_15_almelah_fall","rendered-page","","","true",".png","2570936","9C4EBE44049248606C5BD4CEA5268EE944B91997F4BDD2B00CF88B6BE1FA8CE8","1024","1536","","tracked-clean","git","approved","primary;production-reference","contextual-environment","canon-constrained","Available","settled","missing","filesystem;registry","","art/graphic_novel/asset_registry.md","Chapter 15, scene 15.5","characters/gor-of-almelah/continuity-sheet-young.png;characters/almelah-dojo-master/continuity-sheet.png;locations/almelah-dojo-memory/landscape-reference.png","","","","proofs/volume_01_the_return/sequence/044-story.png","","move","scenes/chapter_15_almelah_fall/approved/chapter_15_almelah_fall-page-03.png","",""
"2026-09-04","b24f2b55140833b0a1d56d54c2c1d46fcf479972","existing-file","GN-SCENE-CHAPTER-15-AUGMENTATION-OFFER-LETTERING-SPEC","GN-SCENE-CHAPTER-15-AUGMENTATION-OFFER-LETTERING-SPEC-CURRENT-281388BC","scenes/chapter_15_augmentation_offer/lettering-spec.md","lettering-spec.md","scene","chapter_15_augmentation_offer","lettering-specification","","","true",".md","2800","281388BC9E06D5AEC185CF308AD8F2D4B018835B0F47B9665B3FB2686E384A7B","","","","tracked-clean","git","approved","record","none","not-applicable","","settled","","filesystem;manual-inference","Document role is inferred from its location, title, and declared status.","","","characters/gor-of-almelah/continuity-sheet-young.png;characters/almelah-dojo-master/continuity-sheet.png;locations/hive-processing-chamber/landscape-reference.png","","","","","","leave","scenes/chapter_15_augmentation_offer/lettering-spec.md","",""
"2026-09-04","b24f2b55140833b0a1d56d54c2c1d46fcf479972","existing-file","GN-SCENE-CHAPTER-15-AUGMENTATION-OFFER-PAGE-01","GN-SCENE-CHAPTER-15-AUGMENTATION-OFFER-PAGE-01-PAGE-01-FF12C83B","scenes/chapter_15_augmentation_offer/page-01.png","page-01.png","scene","chapter_15_augmentation_offer","rendered-page","","","true",".png","2577817","FF12C83B32C900A1D9C6E7B753D74CE55BB6CF9C4E48B17FB7BBA1DCC971A71E","1024","1536","","tracked-clean","git","approved","primary;production-reference","contextual-environment","canon-constrained","Available","settled","missing","filesystem;registry","","art/graphic_novel/asset_registry.md","Chapter 15, scene 15.4","characters/gor-of-almelah/continuity-sheet-young.png;characters/almelah-dojo-master/continuity-sheet.png;locations/hive-processing-chamber/landscape-reference.png","","","","proofs/volume_01_the_return/sequence/040-story.png","","move","scenes/chapter_15_augmentation_offer/approved/chapter_15_augmentation_offer-page-01.png","",""
"2026-09-04","b24f2b55140833b0a1d56d54c2c1d46fcf479972","existing-file","GN-SCENE-CHAPTER-15-AUGMENTATION-OFFER-PAGE-02","GN-SCENE-CHAPTER-15-AUGMENTATION-OFFER-PAGE-02-PAGE-02-1E0810D1","scenes/chapter_15_augmentation_offer/page-02.png","page-02.png","scene","chapter_15_augmentation_offer","rendered-page","","","true",".png","2563378","1E0810D157B6605947582ECD58B69636E7A5962CBC3C558714D5D60C68FEDB01","1024","1536","","tracked-clean","git","approved","primary;production-reference","contextual-environment","canon-constrained","Available","settled","missing","filesystem;registry","","art/graphic_novel/asset_registry.md","Chapter 15, scene 15.4","characters/gor-of-almelah/continuity-sheet-young.png;characters/almelah-dojo-master/continuity-sheet.png;locations/hive-processing-chamber/landscape-reference.png","","","","proofs/volume_01_the_return/sequence/041-story.png","","move","scenes/chapter_15_augmentation_offer/approved/chapter_15_augmentation_offer-page-02.png","",""
"2026-09-04","b24f2b55140833b0a1d56d54c2c1d46fcf479972","existing-file","GN-SCENE-CHAPTER-15-GOR-IN-RAIN-LETTERING-SPEC","GN-SCENE-CHAPTER-15-GOR-IN-RAIN-LETTERING-SPEC-CURRENT-C1C900D6","scenes/chapter_15_gor_in_rain/lettering-spec.md","lettering-spec.md","scene","chapter_15_gor_in_rain","lettering-specification","","","true",".md","2429","C1C900D63A3B2555C093BA38469CFD0B81E33F21CD65EC686118FFF6C7DFDE88","","","","tracked-clean","git","approved","record","none","not-applicable","","settled","","filesystem;manual-inference","Document role is inferred from its location, title, and declared status.","","","characters/gor-of-almelah/continuity-sheet.png;motifs/almelah-oath-augmentation-contrast/reference.png","","","","","","leave","scenes/chapter_15_gor_in_rain/lettering-spec.md","",""
"2026-09-04","b24f2b55140833b0a1d56d54c2c1d46fcf479972","existing-file","GN-SCENE-CHAPTER-15-GOR-IN-RAIN-PAGE-01","GN-SCENE-CHAPTER-15-GOR-IN-RAIN-PAGE-01-PAGE-01-70E8DF7A","scenes/chapter_15_gor_in_rain/page-01.png","page-01.png","scene","chapter_15_gor_in_rain","rendered-page","","","true",".png","2821386","70E8DF7A72CD6708DDDC2937798130F8B3DECE045671F4149B51B60B7C49C283","1024","1536","","tracked-clean","git","approved","primary;production-reference","contextual-environment","canon-constrained","Available","settled","missing","filesystem;registry","","art/graphic_novel/asset_registry.md","Chapter 15, scene 15.7","characters/gor-of-almelah/continuity-sheet.png;motifs/almelah-oath-augmentation-contrast/reference.png","","","","proofs/volume_01_the_return/sequence/047-story.png","","move","scenes/chapter_15_gor_in_rain/approved/chapter_15_gor_in_rain-page-01.png","",""
"2026-09-04","b24f2b55140833b0a1d56d54c2c1d46fcf479972","existing-file","GN-SCENE-CHAPTER-15-SAFEHOUSE-CONCLUSION-LETTERING-SPEC","GN-SCENE-CHAPTER-15-SAFEHOUSE-CONCLUSION-LETTERING-SPEC-CURRENT-65D734F0","scenes/chapter_15_safehouse_conclusion/lettering-spec.md","lettering-spec.md","scene","chapter_15_safehouse_conclusion","lettering-specification","","","true",".md","2537","65D734F0413C51503045AFC02E28BC9C4960923DDD3306A1471E8CF6E8FDD816","","","","tracked-clean","git","approved","record","none","not-applicable","","settled","","filesystem;manual-inference","Document role is inferred from its location, title, and declared status.","","","characters/cassian-rho/continuity-sheet.png;characters/thena/continuity-sheet.png;characters/gor-of-almelah/continuity-sheet.png;locations/chapter-15-safehouse/landscape-reference.png","","","","","","leave","scenes/chapter_15_safehouse_conclusion/lettering-spec.md","",""
"2026-09-04","b24f2b55140833b0a1d56d54c2c1d46fcf479972","existing-file","GN-SCENE-CHAPTER-15-SAFEHOUSE-CONCLUSION-PAGE-01","GN-SCENE-CHAPTER-15-SAFEHOUSE-CONCLUSION-PAGE-01-PAGE-01-49849B39","scenes/chapter_15_safehouse_conclusion/page-01.png","page-01.png","scene","chapter_15_safehouse_conclusion","rendered-page","","","true",".png","2912413","49849B39CF9A836CB7E8230941C0D26A02FFC582D1A75A6B6EEDE46C700D40D9","1024","1536","","tracked-clean","git","approved","primary;production-reference","contextual-environment","canon-constrained","Available","settled","missing","filesystem;registry","","art/graphic_novel/asset_registry.md","Chapter 15, scene 15.6","characters/cassian-rho/continuity-sheet.png;characters/thena/continuity-sheet.png;characters/gor-of-almelah/continuity-sheet.png;locations/chapter-15-safehouse/landscape-reference.png","","","","proofs/volume_01_the_return/sequence/045-story.png","","move","scenes/chapter_15_safehouse_conclusion/approved/chapter_15_safehouse_conclusion-page-01.png","",""
"2026-09-04","b24f2b55140833b0a1d56d54c2c1d46fcf479972","existing-file","GN-SCENE-CHAPTER-15-SAFEHOUSE-CONCLUSION-PAGE-02","GN-SCENE-CHAPTER-15-SAFEHOUSE-CONCLUSION-PAGE-02-PAGE-02-ACF5EBF3","scenes/chapter_15_safehouse_conclusion/page-02.png","page-02.png","scene","chapter_15_safehouse_conclusion","rendered-page","","","true",".png","2889997","ACF5EBF3445D29630170F5CF7CD368033F295D285472DB06CB05B121F5255754","1024","1536","","tracked-clean","git","approved","primary;production-reference","contextual-environment","canon-constrained","Available","settled","missing","filesystem;registry","","art/graphic_novel/asset_registry.md","Chapter 15, scene 15.6","characters/cassian-rho/continuity-sheet.png;characters/thena/continuity-sheet.png;characters/gor-of-almelah/continuity-sheet.png;locations/chapter-15-safehouse/landscape-reference.png","","","","proofs/volume_01_the_return/sequence/046-story.png","","move","scenes/chapter_15_safehouse_conclusion/approved/chapter_15_safehouse_conclusion-page-02.png","",""
"2026-09-04","b24f2b55140833b0a1d56d54c2c1d46fcf479972","existing-file","GN-SCENE-CHAPTER-15-SAFEHOUSE-RECOGNITION-LETTERING-SPEC","GN-SCENE-CHAPTER-15-SAFEHOUSE-RECOGNITION-LETTERING-SPEC-CURRENT-3C09E3A1","scenes/chapter_15_safehouse_recognition/lettering-spec.md","lettering-spec.md","scene","chapter_15_safehouse_recognition","lettering-specification","","","true",".md","1412","3C09E3A14A760BC71451DC12F8B8B1A0A52246CC784F3F81D36EDBE6DF07E0CD","","","","tracked-clean","git","approved","record","none","not-applicable","","settled","","filesystem;manual-inference","Document role is inferred from its location, title, and declared status.","","","characters/cassian-rho/continuity-sheet.png;characters/thena/continuity-sheet.png;characters/gor-of-almelah/continuity-sheet-young.png;locations/chapter-15-safehouse/landscape-reference.png","","","","","","leave","scenes/chapter_15_safehouse_recognition/lettering-spec.md","",""
"2026-09-04","b24f2b55140833b0a1d56d54c2c1d46fcf479972","existing-file","GN-SCENE-CHAPTER-15-SAFEHOUSE-RECOGNITION-PAGE-01","GN-SCENE-CHAPTER-15-SAFEHOUSE-RECOGNITION-PAGE-01-PAGE-01-66F855F0","scenes/chapter_15_safehouse_recognition/page-01.png","page-01.png","scene","chapter_15_safehouse_recognition","rendered-page","","","true",".png","2914888","66F855F08FB69D80A692C2098B04E432EED0B51C8CB681670B155681ED10A132","1024","1536","","tracked-clean","git","approved","primary;production-reference","contextual-environment","canon-constrained","Available","settled","missing","filesystem;registry","","art/graphic_novel/asset_registry.md","Chapter 15, scene 15.1","characters/cassian-rho/continuity-sheet.png;characters/thena/continuity-sheet.png;characters/gor-of-almelah/continuity-sheet-young.png;locations/chapter-15-safehouse/landscape-reference.png","","","","proofs/volume_01_the_return/sequence/036-story.png","","move","scenes/chapter_15_safehouse_recognition/approved/chapter_15_safehouse_recognition-page-01.png","",""
"2026-09-04","b24f2b55140833b0a1d56d54c2c1d46fcf479972","existing-file","GN-SCENE-CHAPTER-15-SEQUENCE","GN-SCENE-CHAPTER-15-SEQUENCE-CURRENT-F236EFAF","scenes/chapter_15_sequence.md","chapter_15_sequence.md","scene","chapter_15_sequence","governing-document","","","true",".md","2016","F236EFAFD818F1E5F97524A717C182F9850FF7B1D7E59BB5D7FD13B05989F80F","","","","tracked-clean","git","approved","governing-document","none","not-applicable","","settled","","filesystem;manual-inference","Document role is inferred from its location, title, and declared status.","","","","","","","","","leave","scenes/chapter_15_sequence.md","",""
"2026-09-04","b24f2b55140833b0a1d56d54c2c1d46fcf479972","existing-file","GN-SCENE-CHAPTER-22-RUNOFF-CUT-LETTERING-SPEC","GN-SCENE-CHAPTER-22-RUNOFF-CUT-LETTERING-SPEC-CURRENT-785A83A5","scenes/chapter_22_runoff_cut/lettering-spec.md","lettering-spec.md","scene","chapter_22_runoff_cut","lettering-specification","","","true",".md","4640","785A83A5EF4018D3CAD9CA43D1D048DFAED6803C05C489AE7B1C965F607A4EB9","","","","tracked-clean","git","approved","record","none","not-applicable","","settled","","filesystem;manual-inference","Document role is inferred from its location, title, and declared status.","","","characters/cassian-rho/continuity-sheet.png;characters/thena/continuity-sheet.png;characters/below-the-map-escort/continuity-sheet.png;locations/below-the-map-runoff-route/landscape-reference.png;motifs/under-hive-memory-mural-style/reference.png;motifs/maribel-voss-mural/reference.png","","","","","","leave","scenes/chapter_22_runoff_cut/lettering-spec.md","",""
"2026-09-04","b24f2b55140833b0a1d56d54c2c1d46fcf479972","existing-file","GN-SCENE-CHAPTER-22-RUNOFF-CUT-PAGE-01","GN-SCENE-CHAPTER-22-RUNOFF-CUT-PAGE-01-PAGE-01-06029123","scenes/chapter_22_runoff_cut/page-01.png","page-01.png","scene","chapter_22_runoff_cut","rendered-page","","","true",".png","3187083","060291230363A0770709627F40DC7D1C477E012509358365482CA3996ED97A50","1024","1536","","tracked-clean","git","approved","primary;production-reference","contextual-environment","canon-constrained","Available","settled","missing","filesystem;registry","","art/graphic_novel/asset_registry.md","Chapter 22, lines 1-43","characters/cassian-rho/continuity-sheet.png;characters/thena/continuity-sheet.png;characters/below-the-map-escort/continuity-sheet.png;locations/below-the-map-runoff-route/landscape-reference.png;motifs/under-hive-memory-mural-style/reference.png;motifs/maribel-voss-mural/reference.png","","","","","","move","scenes/chapter_22_runoff_cut/approved/chapter_22_runoff_cut-page-01.png","",""
"2026-09-04","b24f2b55140833b0a1d56d54c2c1d46fcf479972","existing-file","GN-SCENE-CHAPTER-22-RUNOFF-CUT-PAGE-02","GN-SCENE-CHAPTER-22-RUNOFF-CUT-PAGE-02-PAGE-02-ED9319D9","scenes/chapter_22_runoff_cut/page-02.png","page-02.png","scene","chapter_22_runoff_cut","rendered-page","","","true",".png","2970171","ED9319D9C84E0C3516AC9A06C588A946836D6FA6874EF9A335225A18FD2C7F97","1024","1536","","tracked-clean","git","approved","primary;production-reference","contextual-environment","canon-constrained","Available","settled","missing","filesystem;registry","","art/graphic_novel/asset_registry.md","Chapter 22, lines 45-69","characters/cassian-rho/continuity-sheet.png;characters/thena/continuity-sheet.png;characters/below-the-map-escort/continuity-sheet.png;locations/below-the-map-runoff-route/landscape-reference.png;motifs/under-hive-memory-mural-style/reference.png;motifs/maribel-voss-mural/reference.png","","","","","","move","scenes/chapter_22_runoff_cut/approved/chapter_22_runoff_cut-page-02.png","",""
"2026-09-04","b24f2b55140833b0a1d56d54c2c1d46fcf479972","existing-file","GN-SCENE-CHAPTER-22-RUNOFF-CUT-PAGE-03","GN-SCENE-CHAPTER-22-RUNOFF-CUT-PAGE-03-PAGE-03-F4DC2825","scenes/chapter_22_runoff_cut/page-03.png","page-03.png","scene","chapter_22_runoff_cut","rendered-page","","","true",".png","2726345","F4DC2825AD2F1DE8AADCBF77E99562BC4B24135A16DC302EAD13B184818D44A1","1024","1536","","tracked-clean","git","approved","primary;production-reference","contextual-environment","canon-constrained","Available","settled","missing","filesystem;registry","","art/graphic_novel/asset_registry.md","Chapter 22, lines 71-97","characters/cassian-rho/continuity-sheet.png;characters/thena/continuity-sheet.png;characters/below-the-map-escort/continuity-sheet.png;locations/below-the-map-runoff-route/landscape-reference.png;motifs/under-hive-memory-mural-style/reference.png;motifs/maribel-voss-mural/reference.png","","","","","","move","scenes/chapter_22_runoff_cut/approved/chapter_22_runoff_cut-page-03.png","",""
"2026-09-04","b24f2b55140833b0a1d56d54c2c1d46fcf479972","existing-file","GN-SCENE-CHAPTER-22-SEQUENCE","GN-SCENE-CHAPTER-22-SEQUENCE-CURRENT-D7DCE68C","scenes/chapter_22_sequence.md","chapter_22_sequence.md","scene","chapter_22_sequence","governing-document","","","true",".md","926","D7DCE68C31C84C4E899243E2F6EF730B9B322A5B2A4A8D2F289E7E961A1A9669","","","","tracked-clean","git","approved","governing-document","none","not-applicable","","settled","","filesystem;manual-inference","Document role is inferred from its location, title, and declared status.","","","","","","","","","leave","scenes/chapter_22_sequence.md","",""
"2026-09-04","b24f2b55140833b0a1d56d54c2c1d46fcf479972","existing-file","GN-DOC-SOP","GN-DOC-SOP-CURRENT-52181AD1","SOP.md","SOP.md","governance","SOP","governing-document","","","true",".md","9369","52181AD133741BE8E72AA48569FFD102B3AAD9F523978388718B182186F86C74","","","","tracked-modified","git","approved","governing-document","none","not-applicable","","settled","","filesystem;manual-inference","Document role is inferred from its location, title, and declared status.","","","","","","","","","leave","SOP.md","",""
"2026-09-04","b24f2b55140833b0a1d56d54c2c1d46fcf479972","existing-file","GN-DOC-STYLE-GUIDE","GN-DOC-STYLE-GUIDE-CURRENT-69504D28","style_guide.md","style_guide.md","governance","style_guide","governing-document","","","true",".md","9151","69504D28A44029452D202C287B4F7DF8947714D507BE33836DC4C8C6E734419E","","","","tracked-modified","git","approved","governing-document","none","not-applicable","","settled","","filesystem;manual-inference","Document role is inferred from its location, title, and declared status.","","","","","","","","","leave","style_guide.md","",""
"2026-09-04","b24f2b55140833b0a1d56d54c2c1d46fcf479972","existing-file","GN-STYLE-SURFACE-AGE-STACKS-STYLE-REFERENCE","GN-STYLE-SURFACE-AGE-STACKS-STYLE-REFERENCE-SURFACE-AGE-STACKS-STYLE-REFERENCE-2F66BF3E","style_refs/surface-age-stacks-style-reference.png","surface-age-stacks-style-reference.png","style-reference","surface-age-stacks-style-reference","reference-sheet","","","true",".png","2036645","2F66BF3E2E3BBD24EDA100CFC2D419CD97E09E5B16AB1D7594004D23024594DF","1672","941","","tracked-clean","git","approved","primary;production-reference","contextual-environment","canon-constrained","Style Reference","settled","missing","filesystem;registry","","art/graphic_novel/asset_registry.md","Stack-field environmental mood","","","","","","","move","style_refs/approved/surface-age-stacks-style-reference.png","",""
"2026-09-04","b24f2b55140833b0a1d56d54c2c1d46fcf479972","existing-file","GN-TECH-COGNITIVE-PATTERN-TESTING-INTERFACE-REFERENCE","GN-TECH-COGNITIVE-PATTERN-TESTING-INTERFACE-REFERENCE-REFERENCE-14585A38","tech/cognitive-pattern-testing-interface/reference.png","reference.png","technology","cognitive-pattern-testing-interface","reference-sheet","","","true",".png","2724807","14585A38DAC7E7250BF2074716C5614F1AD16B88C2E336255D60A978A4421362","1536","1024","DUP-002","tracked-clean","git","approved","primary;production-reference","narrow-detail","canon-constrained","Available","settled","missing","filesystem;hash-match;registry","","art/graphic_novel/asset_registry.md","Chapters 6-7","","","","","","","move","tech/cognitive-pattern-testing-interface/approved/cognitive-pattern-testing-interface-reference.png","",""
"2026-09-04","b24f2b55140833b0a1d56d54c2c1d46fcf479972","existing-file","GN-DOC-VISUAL-DISCREPANCY-AUDIT-SOP","GN-DOC-VISUAL-DISCREPANCY-AUDIT-SOP-CURRENT-A4FC2EFB","visual_discrepancy_audit_SOP.md","visual_discrepancy_audit_SOP.md","governance","visual_discrepancy_audit_SOP","production-record","","","true",".md","9357","A4FC2EFBA223E83CFBF85DA406E6EF6FEDEA29DE403B7263AA75C65C3CBEFA3A","","","","untracked","git","approved","record","none","not-applicable","","settled","","filesystem;manual-inference","Document role is inferred from its location, title, and declared status.","","","","","","","","","leave","visual_discrepancy_audit_SOP.md","",""
"2026-09-04","b24f2b55140833b0a1d56d54c2c1d46fcf479972","planned-asset","GN-CHAR-HIVE-MEDICAL-ATTENDANTS-CONTINUITY-SHEET","GN-CHAR-HIVE-MEDICAL-ATTENDANTS-CONTINUITY-SHEET-PLANNED-8B84326F","characters/hive-medical-attendants/continuity-sheet.png","continuity-sheet.png","character","hive-medical-attendants","planned-reference","","","false",".png","","","","","","not-created","git","planned","production-reference","identity","canon-constrained","Needs Continuity Sheet","deferred","missing","registry","Registry-declared destination does not exist in the pre-mapping snapshot.","art/graphic_novel/asset_registry.md","Calm medical personnel, sterile visors, procedural posture.","","","","","","image not yet generated;generation prompt not recorded","defer","characters/hive-medical-attendants/candidates/unassigned/hive-medical-attendants-continuity-sheet.png","scheduled production need",""
"2026-09-04","b24f2b55140833b0a1d56d54c2c1d46fcf479972","planned-asset","GN-CHAR-HIVE-SECURITY-OPERATORS-CONTINUITY-SHEET","GN-CHAR-HIVE-SECURITY-OPERATORS-CONTINUITY-SHEET-PLANNED-5197290C","characters/hive-security-operators/continuity-sheet.png","continuity-sheet.png","character","hive-security-operators","planned-reference","","","false",".png","","","","","","not-created","git","planned","production-reference","identity","canon-constrained","Needs Continuity Sheet","deferred","missing","registry","Registry-declared destination does not exist in the pre-mapping snapshot.","art/graphic_novel/asset_registry.md","Hive security presence around Spindle escape and pursuit.","","","","","","image not yet generated;generation prompt not recorded","defer","characters/hive-security-operators/candidates/unassigned/hive-security-operators-continuity-sheet.png","scheduled production need",""
"2026-09-04","b24f2b55140833b0a1d56d54c2c1d46fcf479972","planned-asset","GN-CHAR-REVERSIONIST-CONTINUITY-SHEET","GN-CHAR-REVERSIONIST-CONTINUITY-SHEET-PLANNED-E22F855C","characters/reversionist/continuity-sheet.png","continuity-sheet.png","character","reversionist","planned-reference","","","false",".png","","","","","","not-created","git","planned","production-reference","identity","canon-constrained","Canon Check Needed","dependency-blocked","missing","registry","Registry-declared destination does not exist in the pre-mapping snapshot.","art/graphic_novel/asset_registry.md","Hidden chipped human plus evolved analytical AI remnant.","","","","","","image not yet generated;generation prompt not recorded","defer","characters/reversionist/candidates/unassigned/reversionist-continuity-sheet.png","canon decision",""
"2026-09-04","b24f2b55140833b0a1d56d54c2c1d46fcf479972","planned-asset","GN-LOC-ARKLINE-ARCOLOGIES-LANDSCAPE-REFERENCE","GN-LOC-ARKLINE-ARCOLOGIES-LANDSCAPE-REFERENCE-PLANNED-05588A9B","locations/arkline-arcologies/landscape-reference.png","landscape-reference.png","location","arkline-arcologies","planned-reference","","","false",".png","","","","","","not-created","git","planned","production-reference","contextual-environment","canon-constrained","Needs Landscape Render","deferred","missing","registry","Registry-declared destination does not exist in the pre-mapping snapshot.","art/graphic_novel/asset_registry.md","Elite district cluster with stable uplinks.","","","","","","image not yet generated;generation prompt not recorded","defer","locations/arkline-arcologies/candidates/unassigned/arkline-arcologies-landscape-reference.png","scheduled production need",""
"2026-09-04","b24f2b55140833b0a1d56d54c2c1d46fcf479972","planned-asset","GN-LOC-BELOW-THE-MAP-ENCLAVE-LANDSCAPE-REFERENCE","GN-LOC-BELOW-THE-MAP-ENCLAVE-LANDSCAPE-REFERENCE-PLANNED-EC5A4388","locations/below-the-map-enclave/landscape-reference.png","landscape-reference.png","location","below-the-map-enclave","planned-reference","","","false",".png","","","","","","not-created","git","planned","production-reference","contextual-environment","canon-constrained","Needs Landscape Render","deferred","missing","registry","Registry-declared destination does not exist in the pre-mapping snapshot.","art/graphic_novel/asset_registry.md","Manual checks, watch lights, conditional shelter.","","","","","","image not yet generated;generation prompt not recorded","defer","locations/below-the-map-enclave/candidates/unassigned/below-the-map-enclave-landscape-reference.png","scheduled production need",""
"2026-09-04","b24f2b55140833b0a1d56d54c2c1d46fcf479972","planned-asset","GN-LOC-BELOW-THE-MAP-LANDSCAPE-REFERENCE","GN-LOC-BELOW-THE-MAP-LANDSCAPE-REFERENCE-PLANNED-E3EC4121","locations/below-the-map/landscape-reference.png","landscape-reference.png","location","below-the-map","planned-reference","","","false",".png","","","","","","not-created","git","planned","production-reference","contextual-environment","canon-constrained","Needs Landscape Render","deferred","missing","registry","Registry-declared destination does not exist in the pre-mapping snapshot.","art/graphic_novel/asset_registry.md","Buried undercity, no uplink, hand-marked routes.","","","","","","image not yet generated;generation prompt not recorded","defer","locations/below-the-map/candidates/unassigned/below-the-map-landscape-reference.png","scheduled production need",""
"2026-09-04","b24f2b55140833b0a1d56d54c2c1d46fcf479972","planned-asset","GN-LOC-EQUATORIAL-CORE-BELTS-LANDSCAPE-REFERENCE","GN-LOC-EQUATORIAL-CORE-BELTS-LANDSCAPE-REFERENCE-PLANNED-4003DB30","locations/equatorial-core-belts/landscape-reference.png","landscape-reference.png","location","equatorial-core-belts","planned-reference","","","false",".png","","","","","","not-created","git","planned","production-reference","contextual-environment","canon-constrained","Needs Landscape Render","deferred","missing","registry","Registry-declared destination does not exist in the pre-mapping snapshot.","art/graphic_novel/asset_registry.md","High-integration regional band.","","","","","","image not yet generated;generation prompt not recorded","defer","locations/equatorial-core-belts/candidates/unassigned/equatorial-core-belts-landscape-reference.png","scheduled production need",""
"2026-09-04","b24f2b55140833b0a1d56d54c2c1d46fcf479972","planned-asset","GN-LOC-HELIOS-DRIFT-LANDSCAPE-REFERENCE","GN-LOC-HELIOS-DRIFT-LANDSCAPE-REFERENCE-PLANNED-9FF88A2F","locations/helios-drift/landscape-reference.png","landscape-reference.png","location","helios-drift","planned-reference","","","false",".png","","","","","","not-created","git","planned","production-reference","contextual-environment","canon-constrained","Needs Landscape Render","deferred","missing","registry","Registry-declared destination does not exist in the pre-mapping snapshot.","art/graphic_novel/asset_registry.md","Black-edge wreck field where Cassian's vessel was found.","","","","","","image not yet generated;generation prompt not recorded","defer","locations/helios-drift/candidates/unassigned/helios-drift-landscape-reference.png","scheduled production need",""
"2026-09-04","b24f2b55140833b0a1d56d54c2c1d46fcf479972","planned-asset","GN-LOC-OLD-PUMPWORKS-WEST-DESCENT-LANDSCAPE-REFERENCE","GN-LOC-OLD-PUMPWORKS-WEST-DESCENT-LANDSCAPE-REFERENCE-PLANNED-12199766","locations/old-pumpworks-west-descent/landscape-reference.png","landscape-reference.png","location","old-pumpworks-west-descent","planned-reference","","","false",".png","","","","","","not-created","git","planned","production-reference","contextual-environment","canon-constrained","Needs Landscape Render","deferred","missing","registry","Registry-declared destination does not exist in the pre-mapping snapshot.","art/graphic_novel/asset_registry.md","Deeper route through old infrastructure.","","","","","","image not yet generated;generation prompt not recorded","defer","locations/old-pumpworks-west-descent/candidates/unassigned/old-pumpworks-west-descent-landscape-reference.png","scheduled production need",""
"2026-09-04","b24f2b55140833b0a1d56d54c2c1d46fcf479972","planned-asset","GN-LOC-PACIFIC-ARRAY-LANDSCAPE-REFERENCE","GN-LOC-PACIFIC-ARRAY-LANDSCAPE-REFERENCE-PLANNED-B993EC7A","locations/pacific-array/landscape-reference.png","landscape-reference.png","location","pacific-array","planned-reference","","","false",".png","","","","","","not-created","git","planned","production-reference","contextual-environment","canon-constrained","Needs Landscape Render","deferred","missing","registry","Registry-declared destination does not exist in the pre-mapping snapshot.","art/graphic_novel/asset_registry.md","Pre-jump ocean-facing launch infrastructure.","","","","","","image not yet generated;generation prompt not recorded","defer","locations/pacific-array/candidates/unassigned/pacific-array-landscape-reference.png","scheduled production need",""
"2026-09-04","b24f2b55140833b0a1d56d54c2c1d46fcf479972","planned-asset","GN-LOC-POLAR-GRIDS-LANDSCAPE-REFERENCE","GN-LOC-POLAR-GRIDS-LANDSCAPE-REFERENCE-PLANNED-6640BE59","locations/polar-grids/landscape-reference.png","landscape-reference.png","location","polar-grids","planned-reference","","","false",".png","","","","","","not-created","git","planned","production-reference","contextual-environment","canon-constrained","Needs Landscape Render","deferred","missing","registry","Registry-declared destination does not exist in the pre-mapping snapshot.","art/graphic_novel/asset_registry.md","Peripheral Hive region cluster.","","","","","","image not yet generated;generation prompt not recorded","defer","locations/polar-grids/candidates/unassigned/polar-grids-landscape-reference.png","scheduled production need",""
"2026-09-04","b24f2b55140833b0a1d56d54c2c1d46fcf479972","planned-asset","GN-LOC-RELAY-STATION-LANDSCAPE-REFERENCE","GN-LOC-RELAY-STATION-LANDSCAPE-REFERENCE-PLANNED-6FCDA723","locations/relay-station/landscape-reference.png","landscape-reference.png","location","relay-station","planned-reference","","","false",".png","","","","","","not-created","git","planned","production-reference","contextual-environment","canon-constrained","Needs Landscape Render","deferred","missing","registry","Registry-declared destination does not exist in the pre-mapping snapshot.","art/graphic_novel/asset_registry.md","Prepared supplies, terminals, indirect Reversionist contact.","","","","","","image not yet generated;generation prompt not recorded","defer","locations/relay-station/candidates/unassigned/relay-station-landscape-reference.png","scheduled production need",""
"2026-09-04","b24f2b55140833b0a1d56d54c2c1d46fcf479972","planned-asset","GN-LOC-SPINDLE-1-LANDSCAPE-REFERENCE","GN-LOC-SPINDLE-1-LANDSCAPE-REFERENCE-PLANNED-37130F5A","locations/spindle-1/landscape-reference.png","landscape-reference.png","location","spindle-1","planned-reference","","","false",".png","","","","","","not-created","git","planned","production-reference","contextual-environment","canon-constrained","Needs Landscape Render","deferred","missing","registry","Registry-declared destination does not exist in the pre-mapping snapshot.","art/graphic_novel/asset_registry.md","Intact core Hive benchmark.","","","","","","image not yet generated;generation prompt not recorded","defer","locations/spindle-1/candidates/unassigned/spindle-1-landscape-reference.png","scheduled production need",""
"2026-09-04","b24f2b55140833b0a1d56d54c2c1d46fcf479972","planned-asset","GN-LOC-SPINDLE-22-LANDSCAPE-REFERENCE","GN-LOC-SPINDLE-22-LANDSCAPE-REFERENCE-PLANNED-60962295","locations/spindle-22/landscape-reference.png","landscape-reference.png","location","spindle-22","planned-reference","","","false",".png","","","","","","not-created","git","planned","production-reference","contextual-environment","canon-constrained","Needs Landscape Render","deferred","missing","registry","Registry-declared destination does not exist in the pre-mapping snapshot.","art/graphic_novel/asset_registry.md","Deprioritized zone with signal flicker and degraded support.","","","","","","image not yet generated;generation prompt not recorded","defer","locations/spindle-22/candidates/unassigned/spindle-22-landscape-reference.png","scheduled production need",""
"2026-09-04","b24f2b55140833b0a1d56d54c2c1d46fcf479972","planned-asset","GN-MOTIF-HYPERSPACE-ANOMALY-WARNING-REFERENCE","GN-MOTIF-HYPERSPACE-ANOMALY-WARNING-REFERENCE-PLANNED-E8A0F69F","motifs/hyperspace-anomaly-warning/reference.png","reference.png","motif","hyperspace-anomaly-warning","planned-reference","","","false",".png","","","","","","not-created","git","planned","production-reference","narrow-detail","canon-constrained","Needs Motif Render","deferred","missing","registry","Registry-declared destination does not exist in the pre-mapping snapshot.","art/graphic_novel/asset_registry.md","Warning phrases: ""There is an anomaly"" and ""Stop the expansion.""","","","","","","image not yet generated;generation prompt not recorded","defer","motifs/hyperspace-anomaly-warning/candidates/unassigned/hyperspace-anomaly-warning-reference.png","scheduled production need",""
"2026-09-04","b24f2b55140833b0a1d56d54c2c1d46fcf479972","planned-asset","GN-MOTIF-REVERSIONIST-TERMINAL-INTERVENTION-REFERENCE","GN-MOTIF-REVERSIONIST-TERMINAL-INTERVENTION-REFERENCE-PLANNED-579E9587","motifs/reversionist-terminal-intervention/reference.png","reference.png","motif","reversionist-terminal-intervention","planned-reference","","","false",".png","","","","","","not-created","git","planned","production-reference","narrow-detail","canon-constrained","Needs Motif Render","deferred","missing","registry","Registry-declared destination does not exist in the pre-mapping snapshot.","art/graphic_novel/asset_registry.md","Dead systems waking briefly, blunt imperative text, partial control.","","","","","","image not yet generated;generation prompt not recorded","defer","motifs/reversionist-terminal-intervention/candidates/unassigned/reversionist-terminal-intervention-reference.png","scheduled production need",""
"2026-09-04","b24f2b55140833b0a1d56d54c2c1d46fcf479972","planned-asset","GN-TECH-HELION-CLASS-SCOUTCRAFT-REFERENCE","GN-TECH-HELION-CLASS-SCOUTCRAFT-REFERENCE-PLANNED-11EBF739","tech/helion-class-scoutcraft/reference.png","reference.png","technology","helion-class-scoutcraft","planned-reference","","","false",".png","","","","","","not-created","git","planned","production-reference","narrow-detail","canon-constrained","Needs Tech Render","deferred","missing","registry","Registry-declared destination does not exist in the pre-mapping snapshot.","art/graphic_novel/asset_registry.md","Deep-range human scout platform; damaged mission vessel.","","","","","","image not yet generated;generation prompt not recorded","defer","tech/helion-class-scoutcraft/candidates/unassigned/helion-class-scoutcraft-reference.png","scheduled production need",""
"2026-09-04","b24f2b55140833b0a1d56d54c2c1d46fcf479972","planned-asset","GN-TECH-HYPERSPACE-GATE-REFERENCE","GN-TECH-HYPERSPACE-GATE-REFERENCE-PLANNED-54D285F3","tech/hyperspace-gate/reference.png","reference.png","technology","hyperspace-gate","planned-reference","","","false",".png","","","","","","not-created","git","planned","production-reference","narrow-detail","canon-constrained","Needs Tech Render","deferred","missing","registry","Registry-declared destination does not exist in the pre-mapping snapshot.","art/graphic_novel/asset_registry.md","Gate infrastructure enabling Cassian's jump.","","","","","","image not yet generated;generation prompt not recorded","defer","tech/hyperspace-gate/candidates/unassigned/hyperspace-gate-reference.png","scheduled production need",""
"2026-09-04","b24f2b55140833b0a1d56d54c2c1d46fcf479972","planned-asset","GN-TECH-LINGUISTIC-INTERFACE-REFERENCE","GN-TECH-LINGUISTIC-INTERFACE-REFERENCE-PLANNED-64CD7D9D","tech/linguistic-interface/reference.png","reference.png","technology","linguistic-interface","planned-reference","","","false",".png","","","","","","not-created","git","planned","production-reference","narrow-detail","canon-constrained","Needs Tech Render","deferred","missing","registry","Registry-declared destination does not exist in the pre-mapping snapshot.","art/graphic_novel/asset_registry.md","Requires insertion/activation; can fail under panic or hostile conditions.","","","","","","image not yet generated;generation prompt not recorded","defer","tech/linguistic-interface/candidates/unassigned/linguistic-interface-reference.png","scheduled production need",""
"2026-09-04","b24f2b55140833b0a1d56d54c2c1d46fcf479972","planned-asset","GN-TECH-PASSIVE-FILAMENT-TRACKER-REFERENCE","GN-TECH-PASSIVE-FILAMENT-TRACKER-REFERENCE-PLANNED-8AA97B1A","tech/passive-filament-tracker/reference.png","reference.png","technology","passive-filament-tracker","planned-reference","","","false",".png","","","","","","not-created","git","planned","production-reference","narrow-detail","canon-constrained","Needs Tech Render","deferred","missing","registry","Registry-declared destination does not exist in the pre-mapping snapshot.","art/graphic_novel/asset_registry.md","Hidden low-signature tracer woven into fabric or bandage.","","","","","","image not yet generated;generation prompt not recorded","defer","tech/passive-filament-tracker/candidates/unassigned/passive-filament-tracker-reference.png","scheduled production need",""
"2026-09-04","b24f2b55140833b0a1d56d54c2c1d46fcf479972","planned-asset","GN-TECH-QUANTUM-ENTANGLEMENT-RELAY-REFERENCE","GN-TECH-QUANTUM-ENTANGLEMENT-RELAY-REFERENCE-PLANNED-BBC48DCA","tech/quantum-entanglement-relay/reference.png","reference.png","technology","quantum-entanglement-relay","planned-reference","","","false",".png","","","","","","not-created","git","planned","production-reference","narrow-detail","canon-constrained","Needs Tech Render","deferred","missing","registry","Registry-declared destination does not exist in the pre-mapping snapshot.","art/graphic_novel/asset_registry.md","Legacy mission infrastructure tied to launch stack.","","","","","","image not yet generated;generation prompt not recorded","defer","tech/quantum-entanglement-relay/candidates/unassigned/quantum-entanglement-relay-reference.png","scheduled production need",""
